date,time,obs
01/04/2005,91,0
02/04/2005,92,0
03/04/2005,93,0
04/04/2005,94,0
05/04/2005,95,0
06/04/2005,96,0
07/04/2005,97,0
08/04/2005,98,0
09/04/2005,99,0
10/04/2005,100,0
11/04/2005,101,0
12/04/2005,102,0
13/04/2005,103,0
14/04/2005,104,0
15/04/2005,105,0
16/04/2005,106,0
17/04/2005,107,0
18/04/2005,108,0
19/04/2005,109,0
20/04/2005,110,0
21/04/2005,111,0
22/04/2005,112,0
23/04/2005,113,0
24/04/2005,114,0
25/04/2005,115,0
26/04/2005,116,0
27/04/2005,117,0
28/04/2005,118,0
29/04/2005,119,0
30/04/2005,120,0
01/05/2005,121,0
02/05/2005,122,0
03/05/2005,123,0
04/05/2005,124,0
05/05/2005,125,0
06/05/2005,126,0
07/05/2005,127,0
08/05/2005,128,0
09/05/2005,129,0
10/05/2005,130,0
11/05/2005,131,0
12/05/2005,132,0
13/05/2005,133,0
14/05/2005,134,0
15/05/2005,135,0
16/05/2005,136,0
17/05/2005,137,0
18/05/2005,138,0
19/05/2005,139,0
20/05/2005,140,0
21/05/2005,141,0
22/05/2005,142,0
23/05/2005,143,0
24/05/2005,144,0
25/05/2005,145,0
26/05/2005,146,0
27/05/2005,147,0
28/05/2005,148,0
29/05/2005,149,0
30/05/2005,150,0
31/05/2005,151,0
01/06/2005,152,0
02/06/2005,153,0
03/06/2005,154,0
04/06/2005,155,0
05/06/2005,156,0
06/06/2005,157,0
07/06/2005,158,0
08/06/2005,159,0
09/06/2005,160,0
10/06/2005,161,0
11/06/2005,162,0
12/06/2005,163,0
13/06/2005,164,0
14/06/2005,165,0
15/06/2005,166,0
16/06/2005,167,0
17/06/2005,168,0
18/06/2005,169,0
19/06/2005,170,0
20/06/2005,171,0
21/06/2005,172,0
22/06/2005,173,0
23/06/2005,174,0
24/06/2005,175,0
25/06/2005,176,0
26/06/2005,177,0
27/06/2005,178,0
28/06/2005,179,0
29/06/2005,180,0
30/06/2005,181,0
01/07/2005,182,0
02/07/2005,183,0
03/07/2005,184,0
04/07/2005,185,0
05/07/2005,186,0
06/07/2005,187,0
07/07/2005,188,0
08/07/2005,189,0
09/07/2005,190,0
10/07/2005,191,0
11/07/2005,192,0
12/07/2005,193,0
13/07/2005,194,0
14/07/2005,195,0
15/07/2005,196,0
16/07/2005,197,0
17/07/2005,198,0
18/07/2005,199,0
19/07/2005,200,0
20/07/2005,201,0
21/07/2005,202,0
22/07/2005,203,0
23/07/2005,204,0
24/07/2005,205,0
25/07/2005,206,0
26/07/2005,207,0
27/07/2005,208,0
28/07/2005,209,0
29/07/2005,210,0
30/07/2005,211,0
31/07/2005,212,0
01/08/2005,213,0
02/08/2005,214,0
03/08/2005,215,0
04/08/2005,216,0
05/08/2005,217,0
06/08/2005,218,0
07/08/2005,219,0
08/08/2005,220,0
09/08/2005,221,0
10/08/2005,222,0
11/08/2005,223,0
12/08/2005,224,0
13/08/2005,225,0
14/08/2005,226,0
15/08/2005,227,0
16/08/2005,228,0
17/08/2005,229,0
18/08/2005,230,0
19/08/2005,231,0
20/08/2005,232,0
21/08/2005,233,0
22/08/2005,234,0
23/08/2005,235,0
24/08/2005,236,0
25/08/2005,237,0
26/08/2005,238,0
27/08/2005,239,0
28/08/2005,240,0
29/08/2005,241,0
30/08/2005,242,0
31/08/2005,243,0
01/09/2005,244,0
02/09/2005,245,0
03/09/2005,246,0
04/09/2005,247,0
05/09/2005,248,0
06/09/2005,249,0
07/09/2005,250,0
08/09/2005,251,0
09/09/2005,252,0
10/09/2005,253,0
11/09/2005,254,0
12/09/2005,255,0
13/09/2005,256,0
14/09/2005,257,0
15/09/2005,258,0
16/09/2005,259,0
17/09/2005,260,0
18/09/2005,261,0
19/09/2005,262,0
20/09/2005,263,0
21/09/2005,264,0
22/09/2005,265,0
23/09/2005,266,0
24/09/2005,267,0
25/09/2005,268,0
26/09/2005,269,0
27/09/2005,270,0
28/09/2005,271,0
29/09/2005,272,0
30/09/2005,273,0
01/10/2005,274,0
02/10/2005,275,0
03/10/2005,276,0
04/10/2005,277,0
05/10/2005,278,0
06/10/2005,279,0
07/10/2005,280,0
08/10/2005,281,0
09/10/2005,282,0
10/10/2005,283,0
11/10/2005,284,0
12/10/2005,285,0
13/10/2005,286,0
14/10/2005,287,0
15/10/2005,288,0
16/10/2005,289,0
17/10/2005,290,0
18/10/2005,291,0
19/10/2005,292,0
20/10/2005,293,0
21/10/2005,294,0
22/10/2005,295,0
23/10/2005,296,0
24/10/2005,297,0
25/10/2005,298,0
26/10/2005,299,0
27/10/2005,300,0
28/10/2005,301,0
29/10/2005,302,0
30/10/2005,303,0
31/10/2005,304,0
01/11/2005,305,0
02/11/2005,306,0
03/11/2005,307,0
04/11/2005,308,0
05/11/2005,309,0
06/11/2005,310,0
07/11/2005,311,0
08/11/2005,312,0
09/11/2005,313,0
10/11/2005,314,0
11/11/2005,315,0
12/11/2005,316,0
13/11/2005,317,0
14/11/2005,318,0
15/11/2005,319,0
16/11/2005,320,0
17/11/2005,321,0
18/11/2005,322,0
19/11/2005,323,0
20/11/2005,324,0
21/11/2005,325,0
22/11/2005,326,0
23/11/2005,327,0
24/11/2005,328,0
25/11/2005,329,0
26/11/2005,330,0
27/11/2005,331,0
28/11/2005,332,0
29/11/2005,333,0
30/11/2005,334,0
01/12/2005,335,0
02/12/2005,336,0
03/12/2005,337,0
04/12/2005,338,0
05/12/2005,339,0
06/12/2005,340,0
07/12/2005,341,0
08/12/2005,342,0
09/12/2005,343,0
10/12/2005,344,0
11/12/2005,345,0
12/12/2005,346,0
13/12/2005,347,0
14/12/2005,348,0
15/12/2005,349,0
16/12/2005,350,0
17/12/2005,351,0
18/12/2005,352,0
19/12/2005,353,0
20/12/2005,354,0
21/12/2005,355,0
22/12/2005,356,0
23/12/2005,357,0
24/12/2005,358,0
25/12/2005,359,0
26/12/2005,360,0
27/12/2005,361,0
28/12/2005,362,0
29/12/2005,363,0
30/12/2005,364,0
31/12/2005,365,0
01/01/2006,366,0
02/01/2006,367,0
03/01/2006,368,0
04/01/2006,369,0
05/01/2006,370,0
06/01/2006,371,0
07/01/2006,372,0
08/01/2006,373,0
09/01/2006,374,0
10/01/2006,375,0
11/01/2006,376,0
12/01/2006,377,0
13/01/2006,378,0
14/01/2006,379,0
15/01/2006,380,0
16/01/2006,381,0
17/01/2006,382,0
18/01/2006,383,0
19/01/2006,384,0
20/01/2006,385,0
21/01/2006,386,0
22/01/2006,387,0
23/01/2006,388,0
24/01/2006,389,0
25/01/2006,390,0
26/01/2006,391,0
27/01/2006,392,0
28/01/2006,393,0
29/01/2006,394,0
30/01/2006,395,0
31/01/2006,396,0
01/02/2006,397,0
02/02/2006,398,0
03/02/2006,399,0
04/02/2006,400,0
05/02/2006,401,0
06/02/2006,402,0
07/02/2006,403,0
08/02/2006,404,0
09/02/2006,405,0
10/02/2006,406,0
11/02/2006,407,0
12/02/2006,408,0
13/02/2006,409,0
14/02/2006,410,0
15/02/2006,411,0
16/02/2006,412,0
17/02/2006,413,0
18/02/2006,414,0
19/02/2006,415,0
20/02/2006,416,0
21/02/2006,417,0
22/02/2006,418,0
23/02/2006,419,0
24/02/2006,420,0
25/02/2006,421,0
26/02/2006,422,0
27/02/2006,423,0
28/02/2006,424,0
01/03/2006,425,0
02/03/2006,426,0
03/03/2006,427,0
04/03/2006,428,0
05/03/2006,429,0
06/03/2006,430,0
07/03/2006,431,0
08/03/2006,432,0
09/03/2006,433,0
10/03/2006,434,0
11/03/2006,435,0
12/03/2006,436,0
13/03/2006,437,0
14/03/2006,438,0
15/03/2006,439,0
16/03/2006,440,0
17/03/2006,441,0
18/03/2006,442,0
19/03/2006,443,0
20/03/2006,444,0
21/03/2006,445,0
22/03/2006,446,0
23/03/2006,447,0
24/03/2006,448,0
25/03/2006,449,0
26/03/2006,450,0
27/03/2006,451,0
28/03/2006,452,0
29/03/2006,453,0
30/03/2006,454,0
31/03/2006,455,0
01/04/2006,456,0
02/04/2006,457,0
03/04/2006,458,0
04/04/2006,459,0
05/04/2006,460,0
06/04/2006,461,0
07/04/2006,462,0
08/04/2006,463,0
09/04/2006,464,0
10/04/2006,465,0
11/04/2006,466,0
12/04/2006,467,0
13/04/2006,468,0
14/04/2006,469,0
15/04/2006,470,0
16/04/2006,471,0
17/04/2006,472,0
18/04/2006,473,0
19/04/2006,474,0
20/04/2006,475,0
21/04/2006,476,0
22/04/2006,477,0
23/04/2006,478,0
24/04/2006,479,0
25/04/2006,480,0
26/04/2006,481,0
27/04/2006,482,0
28/04/2006,483,0
29/04/2006,484,0
30/04/2006,485,0
01/05/2006,486,0
02/05/2006,487,0
03/05/2006,488,0
04/05/2006,489,0
05/05/2006,490,0
06/05/2006,491,0
07/05/2006,492,0
08/05/2006,493,0
09/05/2006,494,0
10/05/2006,495,0
11/05/2006,496,0
12/05/2006,497,0
13/05/2006,498,0
14/05/2006,499,0
15/05/2006,500,0
16/05/2006,501,0
17/05/2006,502,0
18/05/2006,503,0
19/05/2006,504,0
20/05/2006,505,0
21/05/2006,506,0
22/05/2006,507,0
23/05/2006,508,0
24/05/2006,509,0
25/05/2006,510,0
26/05/2006,511,0
27/05/2006,512,0
28/05/2006,513,0
29/05/2006,514,0
30/05/2006,515,0
31/05/2006,516,0
01/06/2006,517,0
02/06/2006,518,0
03/06/2006,519,0
04/06/2006,520,0
05/06/2006,521,0
06/06/2006,522,0
07/06/2006,523,0
08/06/2006,524,0
09/06/2006,525,0
10/06/2006,526,0
11/06/2006,527,0
12/06/2006,528,0
13/06/2006,529,0
14/06/2006,530,0
15/06/2006,531,0
16/06/2006,532,0
17/06/2006,533,0
18/06/2006,534,0
19/06/2006,535,0
20/06/2006,536,0
21/06/2006,537,0
22/06/2006,538,0
23/06/2006,539,0
24/06/2006,540,0
25/06/2006,541,0
26/06/2006,542,0
27/06/2006,543,0
28/06/2006,544,0
29/06/2006,545,0
30/06/2006,546,0
01/07/2006,547,0
02/07/2006,548,0
03/07/2006,549,0
04/07/2006,550,0
05/07/2006,551,0
06/07/2006,552,0
07/07/2006,553,0
08/07/2006,554,0
09/07/2006,555,0
10/07/2006,556,0
11/07/2006,557,0
12/07/2006,558,0
13/07/2006,559,0
14/07/2006,560,0
15/07/2006,561,0
16/07/2006,562,0
17/07/2006,563,0
18/07/2006,564,0
19/07/2006,565,0
20/07/2006,566,0
21/07/2006,567,0
22/07/2006,568,0
23/07/2006,569,0
24/07/2006,570,0
25/07/2006,571,0
26/07/2006,572,0
27/07/2006,573,0
28/07/2006,574,0
29/07/2006,575,0
30/07/2006,576,0
31/07/2006,577,0
01/08/2006,578,0
02/08/2006,579,0
03/08/2006,580,0
04/08/2006,581,0
05/08/2006,582,0
06/08/2006,583,0
07/08/2006,584,0
08/08/2006,585,0
09/08/2006,586,0
10/08/2006,587,0
11/08/2006,588,0
12/08/2006,589,0
13/08/2006,590,0
14/08/2006,591,0
15/08/2006,592,0
16/08/2006,593,0
17/08/2006,594,0
18/08/2006,595,0
19/08/2006,596,0
20/08/2006,597,0
21/08/2006,598,0
22/08/2006,599,0
23/08/2006,600,0
24/08/2006,601,0
25/08/2006,602,0
26/08/2006,603,0
27/08/2006,604,0
28/08/2006,605,0
29/08/2006,606,0
30/08/2006,607,0
31/08/2006,608,0
01/09/2006,609,0
02/09/2006,610,0
03/09/2006,611,0
04/09/2006,612,0
05/09/2006,613,0
06/09/2006,614,0
07/09/2006,615,0
08/09/2006,616,0
09/09/2006,617,0
10/09/2006,618,0
11/09/2006,619,0
12/09/2006,620,0
13/09/2006,621,0
14/09/2006,622,0
15/09/2006,623,0
16/09/2006,624,0
17/09/2006,625,0
18/09/2006,626,0
19/09/2006,627,0
20/09/2006,628,0
21/09/2006,629,0
22/09/2006,630,0
23/09/2006,631,0
24/09/2006,632,0
25/09/2006,633,0
26/09/2006,634,0
27/09/2006,635,0
28/09/2006,636,0
29/09/2006,637,0
30/09/2006,638,0
01/10/2006,639,0
02/10/2006,640,0
03/10/2006,641,0
04/10/2006,642,0
05/10/2006,643,0
06/10/2006,644,0
07/10/2006,645,0
08/10/2006,646,0
09/10/2006,647,0
10/10/2006,648,0
11/10/2006,649,0
12/10/2006,650,0
13/10/2006,651,0
14/10/2006,652,0
15/10/2006,653,0
16/10/2006,654,0
17/10/2006,655,0
18/10/2006,656,0
19/10/2006,657,0
20/10/2006,658,0
21/10/2006,659,0
22/10/2006,660,0
23/10/2006,661,0
24/10/2006,662,0
25/10/2006,663,0
26/10/2006,664,0
27/10/2006,665,0
28/10/2006,666,0
29/10/2006,667,0
30/10/2006,668,0
31/10/2006,669,0
01/11/2006,670,0
02/11/2006,671,0
03/11/2006,672,0
04/11/2006,673,0
05/11/2006,674,0
06/11/2006,675,0
07/11/2006,676,0
08/11/2006,677,0
09/11/2006,678,0
10/11/2006,679,0
11/11/2006,680,0
12/11/2006,681,0
13/11/2006,682,0
14/11/2006,683,0
15/11/2006,684,0
16/11/2006,685,0
17/11/2006,686,0
18/11/2006,687,0
19/11/2006,688,0
20/11/2006,689,0
21/11/2006,690,0
22/11/2006,691,0
23/11/2006,692,0
24/11/2006,693,0
25/11/2006,694,0
26/11/2006,695,0
27/11/2006,696,0
28/11/2006,697,0
29/11/2006,698,0
30/11/2006,699,0
01/12/2006,700,0
02/12/2006,701,0
03/12/2006,702,0
04/12/2006,703,0
05/12/2006,704,0
06/12/2006,705,0
07/12/2006,706,0
08/12/2006,707,0
09/12/2006,708,0
10/12/2006,709,0
11/12/2006,710,0
12/12/2006,711,0
13/12/2006,712,0
14/12/2006,713,0
15/12/2006,714,0
16/12/2006,715,0
17/12/2006,716,0
18/12/2006,717,0
19/12/2006,718,0
20/12/2006,719,0
21/12/2006,720,0
22/12/2006,721,0
23/12/2006,722,0
24/12/2006,723,0
25/12/2006,724,0
26/12/2006,725,0
27/12/2006,726,0
28/12/2006,727,0
29/12/2006,728,0
30/12/2006,729,0
31/12/2006,730,0
01/01/2007,731,0
02/01/2007,732,0
03/01/2007,733,0
04/01/2007,734,0
05/01/2007,735,0
06/01/2007,736,0
07/01/2007,737,0
08/01/2007,738,0
09/01/2007,739,0
10/01/2007,740,0
11/01/2007,741,0
12/01/2007,742,0
13/01/2007,743,0
14/01/2007,744,0
15/01/2007,745,0
16/01/2007,746,0
17/01/2007,747,0
18/01/2007,748,0
19/01/2007,749,0
20/01/2007,750,0
21/01/2007,751,0
22/01/2007,752,0
23/01/2007,753,0
24/01/2007,754,0
25/01/2007,755,0
26/01/2007,756,0
27/01/2007,757,0
28/01/2007,758,0
29/01/2007,759,0
30/01/2007,760,0
31/01/2007,761,0
01/02/2007,762,0
02/02/2007,763,0
03/02/2007,764,0
04/02/2007,765,0
05/02/2007,766,0
06/02/2007,767,0
07/02/2007,768,0
08/02/2007,769,0
09/02/2007,770,0
10/02/2007,771,0
11/02/2007,772,0
12/02/2007,773,0
13/02/2007,774,0
14/02/2007,775,0
15/02/2007,776,0
16/02/2007,777,0
17/02/2007,778,0
18/02/2007,779,0
19/02/2007,780,0
20/02/2007,781,0
21/02/2007,782,0
22/02/2007,783,0
23/02/2007,784,0
24/02/2007,785,0
25/02/2007,786,0
26/02/2007,787,0
27/02/2007,788,0
28/02/2007,789,0
01/03/2007,790,0
02/03/2007,791,0
03/03/2007,792,0
04/03/2007,793,0
05/03/2007,794,0
06/03/2007,795,0
07/03/2007,796,0
08/03/2007,797,0
09/03/2007,798,0
10/03/2007,799,0
11/03/2007,800,0
12/03/2007,801,0
13/03/2007,802,0
14/03/2007,803,0
15/03/2007,804,0
16/03/2007,805,0
17/03/2007,806,0
18/03/2007,807,0
19/03/2007,808,0
20/03/2007,809,0
21/03/2007,810,0
22/03/2007,811,0
23/03/2007,812,0
24/03/2007,813,0
25/03/2007,814,0
26/03/2007,815,0
27/03/2007,816,0
28/03/2007,817,0
29/03/2007,818,0
30/03/2007,819,0
31/03/2007,820,0
01/04/2007,821,0
02/04/2007,822,0
03/04/2007,823,0
04/04/2007,824,0
05/04/2007,825,0
06/04/2007,826,0
07/04/2007,827,0
08/04/2007,828,0
09/04/2007,829,0
10/04/2007,830,0
11/04/2007,831,0
12/04/2007,832,0
13/04/2007,833,0
14/04/2007,834,0
15/04/2007,835,0
16/04/2007,836,0
17/04/2007,837,0
18/04/2007,838,0
19/04/2007,839,0
20/04/2007,840,0
21/04/2007,841,0
22/04/2007,842,0
23/04/2007,843,0
24/04/2007,844,0
25/04/2007,845,0
26/04/2007,846,0
27/04/2007,847,0
28/04/2007,848,0
29/04/2007,849,0
30/04/2007,850,0
01/05/2007,851,0
02/05/2007,852,0
03/05/2007,853,0
04/05/2007,854,0
05/05/2007,855,0
06/05/2007,856,0
07/05/2007,857,0
08/05/2007,858,0
09/05/2007,859,0
10/05/2007,860,0
11/05/2007,861,0
12/05/2007,862,0
13/05/2007,863,0
14/05/2007,864,0
15/05/2007,865,0
16/05/2007,866,0
17/05/2007,867,0
18/05/2007,868,0
19/05/2007,869,0
20/05/2007,870,0
21/05/2007,871,0
22/05/2007,872,0
23/05/2007,873,0
24/05/2007,874,0
25/05/2007,875,0
26/05/2007,876,0
27/05/2007,877,0
28/05/2007,878,0
29/05/2007,879,0
30/05/2007,880,0
31/05/2007,881,0
01/06/2007,882,0
02/06/2007,883,0
03/06/2007,884,0
04/06/2007,885,0
05/06/2007,886,0
06/06/2007,887,0
07/06/2007,888,0
08/06/2007,889,0
09/06/2007,890,0
10/06/2007,891,0
11/06/2007,892,0
12/06/2007,893,0
13/06/2007,894,0
14/06/2007,895,0
15/06/2007,896,0
16/06/2007,897,0
17/06/2007,898,0
18/06/2007,899,0
19/06/2007,900,0
20/06/2007,901,0
21/06/2007,902,0
22/06/2007,903,0
23/06/2007,904,0
24/06/2007,905,0
25/06/2007,906,0
26/06/2007,907,0
27/06/2007,908,0
28/06/2007,909,0
29/06/2007,910,0
30/06/2007,911,0
01/07/2007,912,0
02/07/2007,913,0
03/07/2007,914,0
04/07/2007,915,0
05/07/2007,916,0
06/07/2007,917,0
07/07/2007,918,0
08/07/2007,919,0
09/07/2007,920,0
10/07/2007,921,0
11/07/2007,922,0
12/07/2007,923,0
13/07/2007,924,0
14/07/2007,925,0
15/07/2007,926,0
16/07/2007,927,0
17/07/2007,928,0
18/07/2007,929,0
19/07/2007,930,0
20/07/2007,931,0
21/07/2007,932,0
22/07/2007,933,0
23/07/2007,934,0
24/07/2007,935,0
25/07/2007,936,0
26/07/2007,937,0
27/07/2007,938,0
28/07/2007,939,0
29/07/2007,940,0
30/07/2007,941,0
31/07/2007,942,0
01/08/2007,943,0
02/08/2007,944,0
03/08/2007,945,0
04/08/2007,946,0
05/08/2007,947,0
06/08/2007,948,0
07/08/2007,949,0
08/08/2007,950,0
09/08/2007,951,0
10/08/2007,952,0
11/08/2007,953,0
12/08/2007,954,0
13/08/2007,955,0
14/08/2007,956,0
15/08/2007,957,0
16/08/2007,958,0
17/08/2007,959,0
18/08/2007,960,0
19/08/2007,961,0
20/08/2007,962,0
21/08/2007,963,0
22/08/2007,964,0
23/08/2007,965,0
24/08/2007,966,0
25/08/2007,967,0
26/08/2007,968,0
27/08/2007,969,0
28/08/2007,970,0
29/08/2007,971,0
30/08/2007,972,0
31/08/2007,973,0
01/09/2007,974,0
02/09/2007,975,0
03/09/2007,976,0
04/09/2007,977,0
05/09/2007,978,0
06/09/2007,979,0
07/09/2007,980,0
08/09/2007,981,0
09/09/2007,982,0
10/09/2007,983,0
11/09/2007,984,0
12/09/2007,985,0
13/09/2007,986,0
14/09/2007,987,0
15/09/2007,988,0
16/09/2007,989,0
17/09/2007,990,0
18/09/2007,991,0
19/09/2007,992,0
20/09/2007,993,0
21/09/2007,994,0
22/09/2007,995,0
23/09/2007,996,0
24/09/2007,997,0
25/09/2007,998,0
26/09/2007,999,0
27/09/2007,1000,0
28/09/2007,1001,0
29/09/2007,1002,0
30/09/2007,1003,0
01/10/2007,1004,0
02/10/2007,1005,0
03/10/2007,1006,0
04/10/2007,1007,0
05/10/2007,1008,0
06/10/2007,1009,0
07/10/2007,1010,0
08/10/2007,1011,0
09/10/2007,1012,0
10/10/2007,1013,0
11/10/2007,1014,0
12/10/2007,1015,0
13/10/2007,1016,0
14/10/2007,1017,0
15/10/2007,1018,0
16/10/2007,1019,0
17/10/2007,1020,0
18/10/2007,1021,0
19/10/2007,1022,0
20/10/2007,1023,0
21/10/2007,1024,0
22/10/2007,1025,0
23/10/2007,1026,0
24/10/2007,1027,0
25/10/2007,1028,0
26/10/2007,1029,0
27/10/2007,1030,0
28/10/2007,1031,0
29/10/2007,1032,0
30/10/2007,1033,0
31/10/2007,1034,0
01/11/2007,1035,0
02/11/2007,1036,0
03/11/2007,1037,0
04/11/2007,1038,0
05/11/2007,1039,0
06/11/2007,1040,0
07/11/2007,1041,0
08/11/2007,1042,0
09/11/2007,1043,0
10/11/2007,1044,0
11/11/2007,1045,0
12/11/2007,1046,0
13/11/2007,1047,0
14/11/2007,1048,0
15/11/2007,1049,0
16/11/2007,1050,0
17/11/2007,1051,0
18/11/2007,1052,0
19/11/2007,1053,0
20/11/2007,1054,0
21/11/2007,1055,0
22/11/2007,1056,0
23/11/2007,1057,0
24/11/2007,1058,0
25/11/2007,1059,0
26/11/2007,1060,0
27/11/2007,1061,0
28/11/2007,1062,0
29/11/2007,1063,0
30/11/2007,1064,0
01/12/2007,1065,0
02/12/2007,1066,0
03/12/2007,1067,0
04/12/2007,1068,0
05/12/2007,1069,0
06/12/2007,1070,0
07/12/2007,1071,0
08/12/2007,1072,0
09/12/2007,1073,0
10/12/2007,1074,0
11/12/2007,1075,0
12/12/2007,1076,0
13/12/2007,1077,0
14/12/2007,1078,0
15/12/2007,1079,0
16/12/2007,1080,0
17/12/2007,1081,0
18/12/2007,1082,0
19/12/2007,1083,0
20/12/2007,1084,0
21/12/2007,1085,0
22/12/2007,1086,0
23/12/2007,1087,0
24/12/2007,1088,0
25/12/2007,1089,0
26/12/2007,1090,0
27/12/2007,1091,0
28/12/2007,1092,0
29/12/2007,1093,0
30/12/2007,1094,0
31/12/2007,1095,0
01/01/2008,1096,0
02/01/2008,1097,0
03/01/2008,1098,0
04/01/2008,1099,0
05/01/2008,1100,0
06/01/2008,1101,0
07/01/2008,1102,0
08/01/2008,1103,0
09/01/2008,1104,0
10/01/2008,1105,0
11/01/2008,1106,0
12/01/2008,1107,0
13/01/2008,1108,0
14/01/2008,1109,0
15/01/2008,1110,0
16/01/2008,1111,0
17/01/2008,1112,0
18/01/2008,1113,0
19/01/2008,1114,0
20/01/2008,1115,0
21/01/2008,1116,0
22/01/2008,1117,0
23/01/2008,1118,0
24/01/2008,1119,0
25/01/2008,1120,0
26/01/2008,1121,0
27/01/2008,1122,0
28/01/2008,1123,0
29/01/2008,1124,0
30/01/2008,1125,0
31/01/2008,1126,0
01/02/2008,1127,0
02/02/2008,1128,0
03/02/2008,1129,0
04/02/2008,1130,0
05/02/2008,1131,0
06/02/2008,1132,0
07/02/2008,1133,0
08/02/2008,1134,0
09/02/2008,1135,0
10/02/2008,1136,0
11/02/2008,1137,0
12/02/2008,1138,0
13/02/2008,1139,0
14/02/2008,1140,0
15/02/2008,1141,0
16/02/2008,1142,0
17/02/2008,1143,0
18/02/2008,1144,0
19/02/2008,1145,0
20/02/2008,1146,0
21/02/2008,1147,0
22/02/2008,1148,0
23/02/2008,1149,0
24/02/2008,1150,0
25/02/2008,1151,0
26/02/2008,1152,0
27/02/2008,1153,0
28/02/2008,1154,0
29/02/2008,1155,0
01/03/2008,1156,0
02/03/2008,1157,0
03/03/2008,1158,0
04/03/2008,1159,0
05/03/2008,1160,0
06/03/2008,1161,0
07/03/2008,1162,0
08/03/2008,1163,0
09/03/2008,1164,0
10/03/2008,1165,0
11/03/2008,1166,0
12/03/2008,1167,0
13/03/2008,1168,0
14/03/2008,1169,0
15/03/2008,1170,0
16/03/2008,1171,0
17/03/2008,1172,0
18/03/2008,1173,0
19/03/2008,1174,0
20/03/2008,1175,0
21/03/2008,1176,0
22/03/2008,1177,0
23/03/2008,1178,0
24/03/2008,1179,0
25/03/2008,1180,0
26/03/2008,1181,0
27/03/2008,1182,0
28/03/2008,1183,0
29/03/2008,1184,0
30/03/2008,1185,0
31/03/2008,1186,0
01/04/2008,1187,0
02/04/2008,1188,0
03/04/2008,1189,0
04/04/2008,1190,0
05/04/2008,1191,0
06/04/2008,1192,0
07/04/2008,1193,0
08/04/2008,1194,0
09/04/2008,1195,0
10/04/2008,1196,0
11/04/2008,1197,0
12/04/2008,1198,0
13/04/2008,1199,0
14/04/2008,1200,0
15/04/2008,1201,0
16/04/2008,1202,0
17/04/2008,1203,0
18/04/2008,1204,0
19/04/2008,1205,0
20/04/2008,1206,0
21/04/2008,1207,0
22/04/2008,1208,0
23/04/2008,1209,0
24/04/2008,1210,0
25/04/2008,1211,0
26/04/2008,1212,0
27/04/2008,1213,0
28/04/2008,1214,0
29/04/2008,1215,0
30/04/2008,1216,0
01/05/2008,1217,0
02/05/2008,1218,0
03/05/2008,1219,0
04/05/2008,1220,0
05/05/2008,1221,0
06/05/2008,1222,0
07/05/2008,1223,0
08/05/2008,1224,0
09/05/2008,1225,0
10/05/2008,1226,0
11/05/2008,1227,0
12/05/2008,1228,0
13/05/2008,1229,0
14/05/2008,1230,0
15/05/2008,1231,0
16/05/2008,1232,0
17/05/2008,1233,0
18/05/2008,1234,0
19/05/2008,1235,0
20/05/2008,1236,0
21/05/2008,1237,0
22/05/2008,1238,0
23/05/2008,1239,0
24/05/2008,1240,0
25/05/2008,1241,0
26/05/2008,1242,0
27/05/2008,1243,0
28/05/2008,1244,0
29/05/2008,1245,0
30/05/2008,1246,0
31/05/2008,1247,0
01/06/2008,1248,0
02/06/2008,1249,0
03/06/2008,1250,0
04/06/2008,1251,0
05/06/2008,1252,0
06/06/2008,1253,0
07/06/2008,1254,0
08/06/2008,1255,0
09/06/2008,1256,0
10/06/2008,1257,0
11/06/2008,1258,0
12/06/2008,1259,0
13/06/2008,1260,0
14/06/2008,1261,0
15/06/2008,1262,0
16/06/2008,1263,0
17/06/2008,1264,0
18/06/2008,1265,0
19/06/2008,1266,0
20/06/2008,1267,0
21/06/2008,1268,0
22/06/2008,1269,0
23/06/2008,1270,0
24/06/2008,1271,0
25/06/2008,1272,0
26/06/2008,1273,0
27/06/2008,1274,0
28/06/2008,1275,0
29/06/2008,1276,0
30/06/2008,1277,0
01/07/2008,1278,0
02/07/2008,1279,0
03/07/2008,1280,0
04/07/2008,1281,0
05/07/2008,1282,0
06/07/2008,1283,0
07/07/2008,1284,0
08/07/2008,1285,0
09/07/2008,1286,0
10/07/2008,1287,1
11/07/2008,1288,1
12/07/2008,1289,0
13/07/2008,1290,0
14/07/2008,1291,0
15/07/2008,1292,0
16/07/2008,1293,0
17/07/2008,1294,0
18/07/2008,1295,0
19/07/2008,1296,0
20/07/2008,1297,0
21/07/2008,1298,0
22/07/2008,1299,0
23/07/2008,1300,0
24/07/2008,1301,0
25/07/2008,1302,0
26/07/2008,1303,0
27/07/2008,1304,0
28/07/2008,1305,0
29/07/2008,1306,0
30/07/2008,1307,0
31/07/2008,1308,1
01/08/2008,1309,0
02/08/2008,1310,0
03/08/2008,1311,0
04/08/2008,1312,0
05/08/2008,1313,0
06/08/2008,1314,0
07/08/2008,1315,0
08/08/2008,1316,0
09/08/2008,1317,0
10/08/2008,1318,0
11/08/2008,1319,1
12/08/2008,1320,0
13/08/2008,1321,0
14/08/2008,1322,0
15/08/2008,1323,1
16/08/2008,1324,0
17/08/2008,1325,0
18/08/2008,1326,0
19/08/2008,1327,0
20/08/2008,1328,2
21/08/2008,1329,0
22/08/2008,1330,0
23/08/2008,1331,1
24/08/2008,1332,1
25/08/2008,1333,1
26/08/2008,1334,0
27/08/2008,1335,2
28/08/2008,1336,1
29/08/2008,1337,3
30/08/2008,1338,2
31/08/2008,1339,0
01/09/2008,1340,0
02/09/2008,1341,0
03/09/2008,1342,0
04/09/2008,1343,0
05/09/2008,1344,0
06/09/2008,1345,0
07/09/2008,1346,0
08/09/2008,1347,0
09/09/2008,1348,0
10/09/2008,1349,0
11/09/2008,1350,0
12/09/2008,1351,0
13/09/2008,1352,0
14/09/2008,1353,0
15/09/2008,1354,1
16/09/2008,1355,0
17/09/2008,1356,2
18/09/2008,1357,0
19/09/2008,1358,0
20/09/2008,1359,1
21/09/2008,1360,0
22/09/2008,1361,0
23/09/2008,1362,0
24/09/2008,1363,0
25/09/2008,1364,0
26/09/2008,1365,0
27/09/2008,1366,0
28/09/2008,1367,0
29/09/2008,1368,2
30/09/2008,1369,0
01/10/2008,1370,1
02/10/2008,1371,0
03/10/2008,1372,0
04/10/2008,1373,0
05/10/2008,1374,0
06/10/2008,1375,0
07/10/2008,1376,0
08/10/2008,1377,0
09/10/2008,1378,0
10/10/2008,1379,0
11/10/2008,1380,0
12/10/2008,1381,0
13/10/2008,1382,0
14/10/2008,1383,0
15/10/2008,1384,0
16/10/2008,1385,0
17/10/2008,1386,0
18/10/2008,1387,0
19/10/2008,1388,0
20/10/2008,1389,0
21/10/2008,1390,0
22/10/2008,1391,1
23/10/2008,1392,0
24/10/2008,1393,0
25/10/2008,1394,0
26/10/2008,1395,0
27/10/2008,1396,0
28/10/2008,1397,0
29/10/2008,1398,0
30/10/2008,1399,0
31/10/2008,1400,0
01/11/2008,1401,0
02/11/2008,1402,0
03/11/2008,1403,0
04/11/2008,1404,0
05/11/2008,1405,0
06/11/2008,1406,0
07/11/2008,1407,0
08/11/2008,1408,0
09/11/2008,1409,0
10/11/2008,1410,0
11/11/2008,1411,0
12/11/2008,1412,0
13/11/2008,1413,0
14/11/2008,1414,0
15/11/2008,1415,0
16/11/2008,1416,0
17/11/2008,1417,0
18/11/2008,1418,0
19/11/2008,1419,0
20/11/2008,1420,0
21/11/2008,1421,0
22/11/2008,1422,0
23/11/2008,1423,0
24/11/2008,1424,0
25/11/2008,1425,0
26/11/2008,1426,0
27/11/2008,1427,0
28/11/2008,1428,0
29/11/2008,1429,0
30/11/2008,1430,0
01/12/2008,1431,0
02/12/2008,1432,0
03/12/2008,1433,0
04/12/2008,1434,0
05/12/2008,1435,0
06/12/2008,1436,0
07/12/2008,1437,0
08/12/2008,1438,0
09/12/2008,1439,0
10/12/2008,1440,0
11/12/2008,1441,0
12/12/2008,1442,0
13/12/2008,1443,0
14/12/2008,1444,0
15/12/2008,1445,0
16/12/2008,1446,0
17/12/2008,1447,0
18/12/2008,1448,0
19/12/2008,1449,0
20/12/2008,1450,0
21/12/2008,1451,0
22/12/2008,1452,0
23/12/2008,1453,0
24/12/2008,1454,0
25/12/2008,1455,0
26/12/2008,1456,0
27/12/2008,1457,0
28/12/2008,1458,0
29/12/2008,1459,0
30/12/2008,1460,0
31/12/2008,1461,0
01/01/2009,1462,0
02/01/2009,1463,0
03/01/2009,1464,0
04/01/2009,1465,0
05/01/2009,1466,0
06/01/2009,1467,0
07/01/2009,1468,0
08/01/2009,1469,0
09/01/2009,1470,0
10/01/2009,1471,0
11/01/2009,1472,0
12/01/2009,1473,0
13/01/2009,1474,0
14/01/2009,1475,0
15/01/2009,1476,0
16/01/2009,1477,0
17/01/2009,1478,0
18/01/2009,1479,0
19/01/2009,1480,0
20/01/2009,1481,0
21/01/2009,1482,0
22/01/2009,1483,0
23/01/2009,1484,0
24/01/2009,1485,0
25/01/2009,1486,0
26/01/2009,1487,0
27/01/2009,1488,0
28/01/2009,1489,0
29/01/2009,1490,0
30/01/2009,1491,0
31/01/2009,1492,0
01/02/2009,1493,0
02/02/2009,1494,0
03/02/2009,1495,0
04/02/2009,1496,0
05/02/2009,1497,0
06/02/2009,1498,0
07/02/2009,1499,0
08/02/2009,1500,0
09/02/2009,1501,0
10/02/2009,1502,0
11/02/2009,1503,0
12/02/2009,1504,0
13/02/2009,1505,0
14/02/2009,1506,0
15/02/2009,1507,0
16/02/2009,1508,0
17/02/2009,1509,0
18/02/2009,1510,0
19/02/2009,1511,0
20/02/2009,1512,0
21/02/2009,1513,0
22/02/2009,1514,0
23/02/2009,1515,0
24/02/2009,1516,0
25/02/2009,1517,0
26/02/2009,1518,0
27/02/2009,1519,0
28/02/2009,1520,0
01/03/2009,1521,0
02/03/2009,1522,0
03/03/2009,1523,0
04/03/2009,1524,0
05/03/2009,1525,0
06/03/2009,1526,0
07/03/2009,1527,0
08/03/2009,1528,0
09/03/2009,1529,0
10/03/2009,1530,0
11/03/2009,1531,0
12/03/2009,1532,0
13/03/2009,1533,0
14/03/2009,1534,0
15/03/2009,1535,0
16/03/2009,1536,0
17/03/2009,1537,0
18/03/2009,1538,0
19/03/2009,1539,0
20/03/2009,1540,0
21/03/2009,1541,0
22/03/2009,1542,0
23/03/2009,1543,0
24/03/2009,1544,0
25/03/2009,1545,0
26/03/2009,1546,0
27/03/2009,1547,0
28/03/2009,1548,0
29/03/2009,1549,0
30/03/2009,1550,0
31/03/2009,1551,0
01/04/2009,1552,0
02/04/2009,1553,0
03/04/2009,1554,0
04/04/2009,1555,0
05/04/2009,1556,0
06/04/2009,1557,0
07/04/2009,1558,0
08/04/2009,1559,0
09/04/2009,1560,0
10/04/2009,1561,0
11/04/2009,1562,0
12/04/2009,1563,0
13/04/2009,1564,0
14/04/2009,1565,0
15/04/2009,1566,0
16/04/2009,1567,0
17/04/2009,1568,0
18/04/2009,1569,0
19/04/2009,1570,0
20/04/2009,1571,0
21/04/2009,1572,0
22/04/2009,1573,0
23/04/2009,1574,0
24/04/2009,1575,0
25/04/2009,1576,0
26/04/2009,1577,0
27/04/2009,1578,0
28/04/2009,1579,0
29/04/2009,1580,0
30/04/2009,1581,0
01/05/2009,1582,0
02/05/2009,1583,0
03/05/2009,1584,0
04/05/2009,1585,0
05/05/2009,1586,0
06/05/2009,1587,0
07/05/2009,1588,0
08/05/2009,1589,0
09/05/2009,1590,0
10/05/2009,1591,0
11/05/2009,1592,0
12/05/2009,1593,0
13/05/2009,1594,0
14/05/2009,1595,0
15/05/2009,1596,0
16/05/2009,1597,0
17/05/2009,1598,0
18/05/2009,1599,0
19/05/2009,1600,0
20/05/2009,1601,0
21/05/2009,1602,0
22/05/2009,1603,0
23/05/2009,1604,0
24/05/2009,1605,0
25/05/2009,1606,0
26/05/2009,1607,0
27/05/2009,1608,0
28/05/2009,1609,0
29/05/2009,1610,0
30/05/2009,1611,0
31/05/2009,1612,0
01/06/2009,1613,0
02/06/2009,1614,0
03/06/2009,1615,0
04/06/2009,1616,0
05/06/2009,1617,0
06/06/2009,1618,0
07/06/2009,1619,0
08/06/2009,1620,0
09/06/2009,1621,0
10/06/2009,1622,0
11/06/2009,1623,0
12/06/2009,1624,0
13/06/2009,1625,0
14/06/2009,1626,0
15/06/2009,1627,0
16/06/2009,1628,0
17/06/2009,1629,0
18/06/2009,1630,0
19/06/2009,1631,0
20/06/2009,1632,0
21/06/2009,1633,0
22/06/2009,1634,0
23/06/2009,1635,0
24/06/2009,1636,0
25/06/2009,1637,0
26/06/2009,1638,0
27/06/2009,1639,0
28/06/2009,1640,0
29/06/2009,1641,0
30/06/2009,1642,0
01/07/2009,1643,0
02/07/2009,1644,0
03/07/2009,1645,0
04/07/2009,1646,0
05/07/2009,1647,0
06/07/2009,1648,0
07/07/2009,1649,0
08/07/2009,1650,0
09/07/2009,1651,0
10/07/2009,1652,0
11/07/2009,1653,0
12/07/2009,1654,0
13/07/2009,1655,0
14/07/2009,1656,0
15/07/2009,1657,0
16/07/2009,1658,0
17/07/2009,1659,0
18/07/2009,1660,0
19/07/2009,1661,0
20/07/2009,1662,0
21/07/2009,1663,0
22/07/2009,1664,0
23/07/2009,1665,0
24/07/2009,1666,0
25/07/2009,1667,0
26/07/2009,1668,0
27/07/2009,1669,0
28/07/2009,1670,0
29/07/2009,1671,0
30/07/2009,1672,0
31/07/2009,1673,0
01/08/2009,1674,0
02/08/2009,1675,0
03/08/2009,1676,0
04/08/2009,1677,0
05/08/2009,1678,0
06/08/2009,1679,0
07/08/2009,1680,0
08/08/2009,1681,0
09/08/2009,1682,0
10/08/2009,1683,0
11/08/2009,1684,0
12/08/2009,1685,0
13/08/2009,1686,0
14/08/2009,1687,0
15/08/2009,1688,0
16/08/2009,1689,0
17/08/2009,1690,0
18/08/2009,1691,0
19/08/2009,1692,0
20/08/2009,1693,0
21/08/2009,1694,0
22/08/2009,1695,0
23/08/2009,1696,0
24/08/2009,1697,0
25/08/2009,1698,0
26/08/2009,1699,0
27/08/2009,1700,0
28/08/2009,1701,0
29/08/2009,1702,0
30/08/2009,1703,0
31/08/2009,1704,0
01/09/2009,1705,0
02/09/2009,1706,0
03/09/2009,1707,0
04/09/2009,1708,0
05/09/2009,1709,0
06/09/2009,1710,0
07/09/2009,1711,0
08/09/2009,1712,0
09/09/2009,1713,0
10/09/2009,1714,0
11/09/2009,1715,0
12/09/2009,1716,0
13/09/2009,1717,0
14/09/2009,1718,0
15/09/2009,1719,0
16/09/2009,1720,0
17/09/2009,1721,0
18/09/2009,1722,0
19/09/2009,1723,0
20/09/2009,1724,0
21/09/2009,1725,0
22/09/2009,1726,0
23/09/2009,1727,0
24/09/2009,1728,0
25/09/2009,1729,0
26/09/2009,1730,0
27/09/2009,1731,0
28/09/2009,1732,0
29/09/2009,1733,0
30/09/2009,1734,0
01/10/2009,1735,0
02/10/2009,1736,0
03/10/2009,1737,0
04/10/2009,1738,0
05/10/2009,1739,0
06/10/2009,1740,0
07/10/2009,1741,0
08/10/2009,1742,0
09/10/2009,1743,0
10/10/2009,1744,0
11/10/2009,1745,0
12/10/2009,1746,0
13/10/2009,1747,0
14/10/2009,1748,0
15/10/2009,1749,0
16/10/2009,1750,0
17/10/2009,1751,0
18/10/2009,1752,0
19/10/2009,1753,0
20/10/2009,1754,0
21/10/2009,1755,0
22/10/2009,1756,0
23/10/2009,1757,0
24/10/2009,1758,0
25/10/2009,1759,0
26/10/2009,1760,0
27/10/2009,1761,0
28/10/2009,1762,0
29/10/2009,1763,0
30/10/2009,1764,0
31/10/2009,1765,0
01/11/2009,1766,0
02/11/2009,1767,0
03/11/2009,1768,0
04/11/2009,1769,0
05/11/2009,1770,0
06/11/2009,1771,0
07/11/2009,1772,0
08/11/2009,1773,0
09/11/2009,1774,0
10/11/2009,1775,0
11/11/2009,1776,0
12/11/2009,1777,0
13/11/2009,1778,0
14/11/2009,1779,0
15/11/2009,1780,0
16/11/2009,1781,0
17/11/2009,1782,0
18/11/2009,1783,0
19/11/2009,1784,0
20/11/2009,1785,0
21/11/2009,1786,0
22/11/2009,1787,0
23/11/2009,1788,0
24/11/2009,1789,0
25/11/2009,1790,0
26/11/2009,1791,0
27/11/2009,1792,0
28/11/2009,1793,0
29/11/2009,1794,0
30/11/2009,1795,0
01/12/2009,1796,0
02/12/2009,1797,0
03/12/2009,1798,0
04/12/2009,1799,0
05/12/2009,1800,0
06/12/2009,1801,0
07/12/2009,1802,0
08/12/2009,1803,0
09/12/2009,1804,0
10/12/2009,1805,0
11/12/2009,1806,0
12/12/2009,1807,0
13/12/2009,1808,0
14/12/2009,1809,0
15/12/2009,1810,0
16/12/2009,1811,0
17/12/2009,1812,0
18/12/2009,1813,0
19/12/2009,1814,0
20/12/2009,1815,0
21/12/2009,1816,0
22/12/2009,1817,0
23/12/2009,1818,0
24/12/2009,1819,0
25/12/2009,1820,0
26/12/2009,1821,0
27/12/2009,1822,0
28/12/2009,1823,0
29/12/2009,1824,0
30/12/2009,1825,0
31/12/2009,1826,0
01/01/2010,1827,0
02/01/2010,1828,0
03/01/2010,1829,0
04/01/2010,1830,0
05/01/2010,1831,0
06/01/2010,1832,0
07/01/2010,1833,0
08/01/2010,1834,0
09/01/2010,1835,0
10/01/2010,1836,0
11/01/2010,1837,0
12/01/2010,1838,0
13/01/2010,1839,0
14/01/2010,1840,0
15/01/2010,1841,0
16/01/2010,1842,0
17/01/2010,1843,0
18/01/2010,1844,0
19/01/2010,1845,0
20/01/2010,1846,0
21/01/2010,1847,0
22/01/2010,1848,0
23/01/2010,1849,0
24/01/2010,1850,0
25/01/2010,1851,0
26/01/2010,1852,0
27/01/2010,1853,0
28/01/2010,1854,0
29/01/2010,1855,0
30/01/2010,1856,0
31/01/2010,1857,0
01/02/2010,1858,0
02/02/2010,1859,0
03/02/2010,1860,0
04/02/2010,1861,0
05/02/2010,1862,0
06/02/2010,1863,0
07/02/2010,1864,0
08/02/2010,1865,0
09/02/2010,1866,0
10/02/2010,1867,0
11/02/2010,1868,0
12/02/2010,1869,0
13/02/2010,1870,0
14/02/2010,1871,0
15/02/2010,1872,0
16/02/2010,1873,0
17/02/2010,1874,0
18/02/2010,1875,0
19/02/2010,1876,0
20/02/2010,1877,0
21/02/2010,1878,0
22/02/2010,1879,0
23/02/2010,1880,0
24/02/2010,1881,0
25/02/2010,1882,0
26/02/2010,1883,0
27/02/2010,1884,0
28/02/2010,1885,0
01/03/2010,1886,0
02/03/2010,1887,0
03/03/2010,1888,0
04/03/2010,1889,0
05/03/2010,1890,0
06/03/2010,1891,0
07/03/2010,1892,0
08/03/2010,1893,0
09/03/2010,1894,0
10/03/2010,1895,0
11/03/2010,1896,0
12/03/2010,1897,0
13/03/2010,1898,0
14/03/2010,1899,0
15/03/2010,1900,0
16/03/2010,1901,0
17/03/2010,1902,0
18/03/2010,1903,0
19/03/2010,1904,0
20/03/2010,1905,0
21/03/2010,1906,0
22/03/2010,1907,0
23/03/2010,1908,0
24/03/2010,1909,0
25/03/2010,1910,0
26/03/2010,1911,0
27/03/2010,1912,0
28/03/2010,1913,0
29/03/2010,1914,0
30/03/2010,1915,0
31/03/2010,1916,0
01/04/2010,1917,0
02/04/2010,1918,0
03/04/2010,1919,0
04/04/2010,1920,0
05/04/2010,1921,0
06/04/2010,1922,0
07/04/2010,1923,0
08/04/2010,1924,0
09/04/2010,1925,0
10/04/2010,1926,0
11/04/2010,1927,0
12/04/2010,1928,0
13/04/2010,1929,0
14/04/2010,1930,0
15/04/2010,1931,0
16/04/2010,1932,0
17/04/2010,1933,0
18/04/2010,1934,0
19/04/2010,1935,0
20/04/2010,1936,0
21/04/2010,1937,0
22/04/2010,1938,0
23/04/2010,1939,0
24/04/2010,1940,0
25/04/2010,1941,0
26/04/2010,1942,0
27/04/2010,1943,0
28/04/2010,1944,0
29/04/2010,1945,0
30/04/2010,1946,0
01/05/2010,1947,0
02/05/2010,1948,0
03/05/2010,1949,0
04/05/2010,1950,0
05/05/2010,1951,0
06/05/2010,1952,0
07/05/2010,1953,0
08/05/2010,1954,0
09/05/2010,1955,0
10/05/2010,1956,0
11/05/2010,1957,0
12/05/2010,1958,0
13/05/2010,1959,0
14/05/2010,1960,0
15/05/2010,1961,0
16/05/2010,1962,0
17/05/2010,1963,0
18/05/2010,1964,0
19/05/2010,1965,0
20/05/2010,1966,0
21/05/2010,1967,0
22/05/2010,1968,0
23/05/2010,1969,0
24/05/2010,1970,0
25/05/2010,1971,0
26/05/2010,1972,0
27/05/2010,1973,0
28/05/2010,1974,0
29/05/2010,1975,0
30/05/2010,1976,0
31/05/2010,1977,0
01/06/2010,1978,0
02/06/2010,1979,0
03/06/2010,1980,0
04/06/2010,1981,0
05/06/2010,1982,0
06/06/2010,1983,0
07/06/2010,1984,0
08/06/2010,1985,0
09/06/2010,1986,0
10/06/2010,1987,0
11/06/2010,1988,0
12/06/2010,1989,0
13/06/2010,1990,0
14/06/2010,1991,0
15/06/2010,1992,0
16/06/2010,1993,0
17/06/2010,1994,0
18/06/2010,1995,0
19/06/2010,1996,0
20/06/2010,1997,0
21/06/2010,1998,0
22/06/2010,1999,0
23/06/2010,2000,0
24/06/2010,2001,0
25/06/2010,2002,0
26/06/2010,2003,0
27/06/2010,2004,0
28/06/2010,2005,0
29/06/2010,2006,0
30/06/2010,2007,0
01/07/2010,2008,0
02/07/2010,2009,0
03/07/2010,2010,0
04/07/2010,2011,0
05/07/2010,2012,0
06/07/2010,2013,0
07/07/2010,2014,0
08/07/2010,2015,0
09/07/2010,2016,0
10/07/2010,2017,0
11/07/2010,2018,0
12/07/2010,2019,0
13/07/2010,2020,0
14/07/2010,2021,0
15/07/2010,2022,0
16/07/2010,2023,0
17/07/2010,2024,0
18/07/2010,2025,0
19/07/2010,2026,0
20/07/2010,2027,0
21/07/2010,2028,0
22/07/2010,2029,0
23/07/2010,2030,0
24/07/2010,2031,0
25/07/2010,2032,0
26/07/2010,2033,0
27/07/2010,2034,0
28/07/2010,2035,0
29/07/2010,2036,0
30/07/2010,2037,0
31/07/2010,2038,0
01/08/2010,2039,0
02/08/2010,2040,0
03/08/2010,2041,0
04/08/2010,2042,0
05/08/2010,2043,0
06/08/2010,2044,0
07/08/2010,2045,0
08/08/2010,2046,0
09/08/2010,2047,0
10/08/2010,2048,0
11/08/2010,2049,0
12/08/2010,2050,0
13/08/2010,2051,0
14/08/2010,2052,0
15/08/2010,2053,0
16/08/2010,2054,0
17/08/2010,2055,0
18/08/2010,2056,0
19/08/2010,2057,0
20/08/2010,2058,0
21/08/2010,2059,0
22/08/2010,2060,0
23/08/2010,2061,0
24/08/2010,2062,0
25/08/2010,2063,0
26/08/2010,2064,0
27/08/2010,2065,0
28/08/2010,2066,0
29/08/2010,2067,0
30/08/2010,2068,0
31/08/2010,2069,0
01/09/2010,2070,0
02/09/2010,2071,0
03/09/2010,2072,0
04/09/2010,2073,0
05/09/2010,2074,0
06/09/2010,2075,0
07/09/2010,2076,0
08/09/2010,2077,0
09/09/2010,2078,0
10/09/2010,2079,0
11/09/2010,2080,0
12/09/2010,2081,0
13/09/2010,2082,0
14/09/2010,2083,0
15/09/2010,2084,0
16/09/2010,2085,0
17/09/2010,2086,0
18/09/2010,2087,0
19/09/2010,2088,0
20/09/2010,2089,0
21/09/2010,2090,0
22/09/2010,2091,0
23/09/2010,2092,0
24/09/2010,2093,0
25/09/2010,2094,0
26/09/2010,2095,0
27/09/2010,2096,0
28/09/2010,2097,0
29/09/2010,2098,0
30/09/2010,2099,0
01/10/2010,2100,0
02/10/2010,2101,0
03/10/2010,2102,0
04/10/2010,2103,0
05/10/2010,2104,0
06/10/2010,2105,0
07/10/2010,2106,0
08/10/2010,2107,0
09/10/2010,2108,0
10/10/2010,2109,0
11/10/2010,2110,0
12/10/2010,2111,0
13/10/2010,2112,0
14/10/2010,2113,0
15/10/2010,2114,0
16/10/2010,2115,0
17/10/2010,2116,0
18/10/2010,2117,0
19/10/2010,2118,0
20/10/2010,2119,0
21/10/2010,2120,0
22/10/2010,2121,0
23/10/2010,2122,0
24/10/2010,2123,0
25/10/2010,2124,0
26/10/2010,2125,0
27/10/2010,2126,0
28/10/2010,2127,0
29/10/2010,2128,0
30/10/2010,2129,0
31/10/2010,2130,0
01/11/2010,2131,0
02/11/2010,2132,0
03/11/2010,2133,0
04/11/2010,2134,0
05/11/2010,2135,0
06/11/2010,2136,0
07/11/2010,2137,0
08/11/2010,2138,0
09/11/2010,2139,0
10/11/2010,2140,0
11/11/2010,2141,0
12/11/2010,2142,0
13/11/2010,2143,0
14/11/2010,2144,0
15/11/2010,2145,0
16/11/2010,2146,0
17/11/2010,2147,0
18/11/2010,2148,0
19/11/2010,2149,0
20/11/2010,2150,0
21/11/2010,2151,0
22/11/2010,2152,0
23/11/2010,2153,0
24/11/2010,2154,0
25/11/2010,2155,0
26/11/2010,2156,0
27/11/2010,2157,0
28/11/2010,2158,0
29/11/2010,2159,0
30/11/2010,2160,0
01/12/2010,2161,0
02/12/2010,2162,0
03/12/2010,2163,0
04/12/2010,2164,0
05/12/2010,2165,0
06/12/2010,2166,0
07/12/2010,2167,0
08/12/2010,2168,0
09/12/2010,2169,0
10/12/2010,2170,0
11/12/2010,2171,0
12/12/2010,2172,0
13/12/2010,2173,0
14/12/2010,2174,0
15/12/2010,2175,0
16/12/2010,2176,0
17/12/2010,2177,0
18/12/2010,2178,0
19/12/2010,2179,0
20/12/2010,2180,0
21/12/2010,2181,0
22/12/2010,2182,0
23/12/2010,2183,0
24/12/2010,2184,0
25/12/2010,2185,0
26/12/2010,2186,0
27/12/2010,2187,0
28/12/2010,2188,0
29/12/2010,2189,0
30/12/2010,2190,0
31/12/2010,2191,0
01/01/2011,2192,0
02/01/2011,2193,0
03/01/2011,2194,0
04/01/2011,2195,0
05/01/2011,2196,0
06/01/2011,2197,0
07/01/2011,2198,0
08/01/2011,2199,0
09/01/2011,2200,0
10/01/2011,2201,0
11/01/2011,2202,0
12/01/2011,2203,0
13/01/2011,2204,0
14/01/2011,2205,0
15/01/2011,2206,0
16/01/2011,2207,0
17/01/2011,2208,0
18/01/2011,2209,0
19/01/2011,2210,0
20/01/2011,2211,0
21/01/2011,2212,0
22/01/2011,2213,0
23/01/2011,2214,0
24/01/2011,2215,0
25/01/2011,2216,0
26/01/2011,2217,0
27/01/2011,2218,0
28/01/2011,2219,0
29/01/2011,2220,0
30/01/2011,2221,0
31/01/2011,2222,0
01/02/2011,2223,0
02/02/2011,2224,0
03/02/2011,2225,0
04/02/2011,2226,0
05/02/2011,2227,0
06/02/2011,2228,0
07/02/2011,2229,0
08/02/2011,2230,0
09/02/2011,2231,0
10/02/2011,2232,0
11/02/2011,2233,0
12/02/2011,2234,0
13/02/2011,2235,0
14/02/2011,2236,0
15/02/2011,2237,0
16/02/2011,2238,0
17/02/2011,2239,0
18/02/2011,2240,0
19/02/2011,2241,0
20/02/2011,2242,0
21/02/2011,2243,0
22/02/2011,2244,0
23/02/2011,2245,0
24/02/2011,2246,0
25/02/2011,2247,0
26/02/2011,2248,0
27/02/2011,2249,0
28/02/2011,2250,0
01/03/2011,2251,0
02/03/2011,2252,0
03/03/2011,2253,0
04/03/2011,2254,0
05/03/2011,2255,0
06/03/2011,2256,0
07/03/2011,2257,0
08/03/2011,2258,0
09/03/2011,2259,0
10/03/2011,2260,0
11/03/2011,2261,0
12/03/2011,2262,0
13/03/2011,2263,0
14/03/2011,2264,0
15/03/2011,2265,0
16/03/2011,2266,0
17/03/2011,2267,0
18/03/2011,2268,0
19/03/2011,2269,0
20/03/2011,2270,0
21/03/2011,2271,0
22/03/2011,2272,0
23/03/2011,2273,0
24/03/2011,2274,0
25/03/2011,2275,0
26/03/2011,2276,0
27/03/2011,2277,0
28/03/2011,2278,0
29/03/2011,2279,0
30/03/2011,2280,0
31/03/2011,2281,0
01/04/2011,2282,0
02/04/2011,2283,0
03/04/2011,2284,0
04/04/2011,2285,0
05/04/2011,2286,0
06/04/2011,2287,0
07/04/2011,2288,0
08/04/2011,2289,0
09/04/2011,2290,0
10/04/2011,2291,0
11/04/2011,2292,0
12/04/2011,2293,0
13/04/2011,2294,0
14/04/2011,2295,0
15/04/2011,2296,0
16/04/2011,2297,0
17/04/2011,2298,0
18/04/2011,2299,0
19/04/2011,2300,0
20/04/2011,2301,0
21/04/2011,2302,0
22/04/2011,2303,0
23/04/2011,2304,0
24/04/2011,2305,0
25/04/2011,2306,0
26/04/2011,2307,0
27/04/2011,2308,0
28/04/2011,2309,0
29/04/2011,2310,0
30/04/2011,2311,0
01/05/2011,2312,0
02/05/2011,2313,0
03/05/2011,2314,0
04/05/2011,2315,0
05/05/2011,2316,0
06/05/2011,2317,0
07/05/2011,2318,0
08/05/2011,2319,0
09/05/2011,2320,0
10/05/2011,2321,0
11/05/2011,2322,0
12/05/2011,2323,0
13/05/2011,2324,0
14/05/2011,2325,0
15/05/2011,2326,0
16/05/2011,2327,0
17/05/2011,2328,0
18/05/2011,2329,0
19/05/2011,2330,0
20/05/2011,2331,0
21/05/2011,2332,0
22/05/2011,2333,0
23/05/2011,2334,0
24/05/2011,2335,0
25/05/2011,2336,0
26/05/2011,2337,0
27/05/2011,2338,0
28/05/2011,2339,0
29/05/2011,2340,0
30/05/2011,2341,0
31/05/2011,2342,0
01/06/2011,2343,0
02/06/2011,2344,0
03/06/2011,2345,0
04/06/2011,2346,0
05/06/2011,2347,0
06/06/2011,2348,0
07/06/2011,2349,0
08/06/2011,2350,0
09/06/2011,2351,0
10/06/2011,2352,0
11/06/2011,2353,0
12/06/2011,2354,0
13/06/2011,2355,0
14/06/2011,2356,0
15/06/2011,2357,0
16/06/2011,2358,0
17/06/2011,2359,0
18/06/2011,2360,0
19/06/2011,2361,0
20/06/2011,2362,0
21/06/2011,2363,0
22/06/2011,2364,0
23/06/2011,2365,0
24/06/2011,2366,0
25/06/2011,2367,0
26/06/2011,2368,0
27/06/2011,2369,0
28/06/2011,2370,0
29/06/2011,2371,0
30/06/2011,2372,0
01/07/2011,2373,0
02/07/2011,2374,0
03/07/2011,2375,0
04/07/2011,2376,0
05/07/2011,2377,0
06/07/2011,2378,0
07/07/2011,2379,0
08/07/2011,2380,0
09/07/2011,2381,0
10/07/2011,2382,0
11/07/2011,2383,0
12/07/2011,2384,0
13/07/2011,2385,0
14/07/2011,2386,0
15/07/2011,2387,0
16/07/2011,2388,0
17/07/2011,2389,0
18/07/2011,2390,0
19/07/2011,2391,0
20/07/2011,2392,0
21/07/2011,2393,0
22/07/2011,2394,0
23/07/2011,2395,0
24/07/2011,2396,0
25/07/2011,2397,0
26/07/2011,2398,0
27/07/2011,2399,0
28/07/2011,2400,0
29/07/2011,2401,0
30/07/2011,2402,0
31/07/2011,2403,0
01/08/2011,2404,0
02/08/2011,2405,0
03/08/2011,2406,0
04/08/2011,2407,0
05/08/2011,2408,0
06/08/2011,2409,0
07/08/2011,2410,0
08/08/2011,2411,0
09/08/2011,2412,0
10/08/2011,2413,0
11/08/2011,2414,0
12/08/2011,2415,0
13/08/2011,2416,0
14/08/2011,2417,0
15/08/2011,2418,0
16/08/2011,2419,0
17/08/2011,2420,0
18/08/2011,2421,0
19/08/2011,2422,0
20/08/2011,2423,0
21/08/2011,2424,0
22/08/2011,2425,0
23/08/2011,2426,0
24/08/2011,2427,0
25/08/2011,2428,0
26/08/2011,2429,0
27/08/2011,2430,0
28/08/2011,2431,0
29/08/2011,2432,0
30/08/2011,2433,0
31/08/2011,2434,0
01/09/2011,2435,0
02/09/2011,2436,0
03/09/2011,2437,0
04/09/2011,2438,0
05/09/2011,2439,0
06/09/2011,2440,0
07/09/2011,2441,0
08/09/2011,2442,0
09/09/2011,2443,0
10/09/2011,2444,0
11/09/2011,2445,0
12/09/2011,2446,0
13/09/2011,2447,0
14/09/2011,2448,0
15/09/2011,2449,0
16/09/2011,2450,0
17/09/2011,2451,0
18/09/2011,2452,0
19/09/2011,2453,0
20/09/2011,2454,0
21/09/2011,2455,0
22/09/2011,2456,0
23/09/2011,2457,0
24/09/2011,2458,0
25/09/2011,2459,0
26/09/2011,2460,0
27/09/2011,2461,0
28/09/2011,2462,0
29/09/2011,2463,0
30/09/2011,2464,0
01/10/2011,2465,0
02/10/2011,2466,0
03/10/2011,2467,0
04/10/2011,2468,0
05/10/2011,2469,0
06/10/2011,2470,0
07/10/2011,2471,0
08/10/2011,2472,0
09/10/2011,2473,0
10/10/2011,2474,0
11/10/2011,2475,0
12/10/2011,2476,0
13/10/2011,2477,0
14/10/2011,2478,0
15/10/2011,2479,0
16/10/2011,2480,0
17/10/2011,2481,0
18/10/2011,2482,0
19/10/2011,2483,0
20/10/2011,2484,0
21/10/2011,2485,0
22/10/2011,2486,0
23/10/2011,2487,0
24/10/2011,2488,0
25/10/2011,2489,0
26/10/2011,2490,0
27/10/2011,2491,0
28/10/2011,2492,0
29/10/2011,2493,0
30/10/2011,2494,0
31/10/2011,2495,0
01/11/2011,2496,0
02/11/2011,2497,0
03/11/2011,2498,0
04/11/2011,2499,0
05/11/2011,2500,0
06/11/2011,2501,0
07/11/2011,2502,0
08/11/2011,2503,0
09/11/2011,2504,0
10/11/2011,2505,0
11/11/2011,2506,0
12/11/2011,2507,0
13/11/2011,2508,0
14/11/2011,2509,0
15/11/2011,2510,0
16/11/2011,2511,0
17/11/2011,2512,0
18/11/2011,2513,0
19/11/2011,2514,0
20/11/2011,2515,0
21/11/2011,2516,0
22/11/2011,2517,0
23/11/2011,2518,0
24/11/2011,2519,0
25/11/2011,2520,0
26/11/2011,2521,0
27/11/2011,2522,0
28/11/2011,2523,0
29/11/2011,2524,0
30/11/2011,2525,0
01/12/2011,2526,0
02/12/2011,2527,0
03/12/2011,2528,0
04/12/2011,2529,0
05/12/2011,2530,0
06/12/2011,2531,0
07/12/2011,2532,0
08/12/2011,2533,0
09/12/2011,2534,0
10/12/2011,2535,0
11/12/2011,2536,0
12/12/2011,2537,0
13/12/2011,2538,0
14/12/2011,2539,0
15/12/2011,2540,0
16/12/2011,2541,0
17/12/2011,2542,0
18/12/2011,2543,0
19/12/2011,2544,0
20/12/2011,2545,0
21/12/2011,2546,0
22/12/2011,2547,0
23/12/2011,2548,0
24/12/2011,2549,0
25/12/2011,2550,0
26/12/2011,2551,0
27/12/2011,2552,0
28/12/2011,2553,0
29/12/2011,2554,0
30/12/2011,2555,0
31/12/2011,2556,0
01/01/2012,2557,0
02/01/2012,2558,0
03/01/2012,2559,0
04/01/2012,2560,0
05/01/2012,2561,0
06/01/2012,2562,0
07/01/2012,2563,0
08/01/2012,2564,0
09/01/2012,2565,0
10/01/2012,2566,0
11/01/2012,2567,0
12/01/2012,2568,0
13/01/2012,2569,0
14/01/2012,2570,0
15/01/2012,2571,0
16/01/2012,2572,0
17/01/2012,2573,0
18/01/2012,2574,0
19/01/2012,2575,0
20/01/2012,2576,0
21/01/2012,2577,0
22/01/2012,2578,0
23/01/2012,2579,0
24/01/2012,2580,0
25/01/2012,2581,0
26/01/2012,2582,0
27/01/2012,2583,0
28/01/2012,2584,0
29/01/2012,2585,0
30/01/2012,2586,0
31/01/2012,2587,0
01/02/2012,2588,0
02/02/2012,2589,0
03/02/2012,2590,0
04/02/2012,2591,0
05/02/2012,2592,0
06/02/2012,2593,0
07/02/2012,2594,0
08/02/2012,2595,0
09/02/2012,2596,0
10/02/2012,2597,0
11/02/2012,2598,0
12/02/2012,2599,0
13/02/2012,2600,0
14/02/2012,2601,0
15/02/2012,2602,0
16/02/2012,2603,0
17/02/2012,2604,0
18/02/2012,2605,0
19/02/2012,2606,0
20/02/2012,2607,0
21/02/2012,2608,0
22/02/2012,2609,0
23/02/2012,2610,0
24/02/2012,2611,0
25/02/2012,2612,0
26/02/2012,2613,0
27/02/2012,2614,0
28/02/2012,2615,0
29/02/2012,2616,0
01/03/2012,2617,0
02/03/2012,2618,0
03/03/2012,2619,0
04/03/2012,2620,0
05/03/2012,2621,0
06/03/2012,2622,0
07/03/2012,2623,0
08/03/2012,2624,0
09/03/2012,2625,0
10/03/2012,2626,0
11/03/2012,2627,0
12/03/2012,2628,0
13/03/2012,2629,0
14/03/2012,2630,0
15/03/2012,2631,0
16/03/2012,2632,0
17/03/2012,2633,0
18/03/2012,2634,0
19/03/2012,2635,0
20/03/2012,2636,0
21/03/2012,2637,0
22/03/2012,2638,0
23/03/2012,2639,0
24/03/2012,2640,0
25/03/2012,2641,0
26/03/2012,2642,0
27/03/2012,2643,0
28/03/2012,2644,0
29/03/2012,2645,0
30/03/2012,2646,0
31/03/2012,2647,0
01/04/2012,2648,0
02/04/2012,2649,0
03/04/2012,2650,0
04/04/2012,2651,0
05/04/2012,2652,0
06/04/2012,2653,0
07/04/2012,2654,0
08/04/2012,2655,0
09/04/2012,2656,0
10/04/2012,2657,0
11/04/2012,2658,0
12/04/2012,2659,0
13/04/2012,2660,0
14/04/2012,2661,0
15/04/2012,2662,0
16/04/2012,2663,0
17/04/2012,2664,0
18/04/2012,2665,0
19/04/2012,2666,0
20/04/2012,2667,0
21/04/2012,2668,0
22/04/2012,2669,0
23/04/2012,2670,0
24/04/2012,2671,0
25/04/2012,2672,0
26/04/2012,2673,0
27/04/2012,2674,0
28/04/2012,2675,0
29/04/2012,2676,0
30/04/2012,2677,0
01/05/2012,2678,0
02/05/2012,2679,0
03/05/2012,2680,0
04/05/2012,2681,0
05/05/2012,2682,0
06/05/2012,2683,0
07/05/2012,2684,0
08/05/2012,2685,0
09/05/2012,2686,0
10/05/2012,2687,0
11/05/2012,2688,0
12/05/2012,2689,0
13/05/2012,2690,0
14/05/2012,2691,0
15/05/2012,2692,0
16/05/2012,2693,0
17/05/2012,2694,0
18/05/2012,2695,0
19/05/2012,2696,0
20/05/2012,2697,0
21/05/2012,2698,0
22/05/2012,2699,0
23/05/2012,2700,0
24/05/2012,2701,0
25/05/2012,2702,0
26/05/2012,2703,0
27/05/2012,2704,0
28/05/2012,2705,0
29/05/2012,2706,0
30/05/2012,2707,0
31/05/2012,2708,0
01/06/2012,2709,0
02/06/2012,2710,0
03/06/2012,2711,0
04/06/2012,2712,0
05/06/2012,2713,0
06/06/2012,2714,0
07/06/2012,2715,0
08/06/2012,2716,0
09/06/2012,2717,0
10/06/2012,2718,0
11/06/2012,2719,0
12/06/2012,2720,0
13/06/2012,2721,0
14/06/2012,2722,0
15/06/2012,2723,0
16/06/2012,2724,0
17/06/2012,2725,0
18/06/2012,2726,0
19/06/2012,2727,0
20/06/2012,2728,0
21/06/2012,2729,0
22/06/2012,2730,0
23/06/2012,2731,0
24/06/2012,2732,0
25/06/2012,2733,0
26/06/2012,2734,0
27/06/2012,2735,0
28/06/2012,2736,0
29/06/2012,2737,0
30/06/2012,2738,0
01/07/2012,2739,0
02/07/2012,2740,0
03/07/2012,2741,0
04/07/2012,2742,0
05/07/2012,2743,0
06/07/2012,2744,0
07/07/2012,2745,0
08/07/2012,2746,0
09/07/2012,2747,0
10/07/2012,2748,0
11/07/2012,2749,0
12/07/2012,2750,0
13/07/2012,2751,0
14/07/2012,2752,0
15/07/2012,2753,0
16/07/2012,2754,0
17/07/2012,2755,0
18/07/2012,2756,0
19/07/2012,2757,0
20/07/2012,2758,0
21/07/2012,2759,0
22/07/2012,2760,0
23/07/2012,2761,0
24/07/2012,2762,0
25/07/2012,2763,0
26/07/2012,2764,0
27/07/2012,2765,0
28/07/2012,2766,0
29/07/2012,2767,0
30/07/2012,2768,0
31/07/2012,2769,0
01/08/2012,2770,0
02/08/2012,2771,0
03/08/2012,2772,0
04/08/2012,2773,0
05/08/2012,2774,0
06/08/2012,2775,0
07/08/2012,2776,0
08/08/2012,2777,0
09/08/2012,2778,0
10/08/2012,2779,0
11/08/2012,2780,0
12/08/2012,2781,0
13/08/2012,2782,0
14/08/2012,2783,0
15/08/2012,2784,0
16/08/2012,2785,0
17/08/2012,2786,0
18/08/2012,2787,0
19/08/2012,2788,0
20/08/2012,2789,0
21/08/2012,2790,0
22/08/2012,2791,0
23/08/2012,2792,0
24/08/2012,2793,0
25/08/2012,2794,0
26/08/2012,2795,0
27/08/2012,2796,0
28/08/2012,2797,0
29/08/2012,2798,0
30/08/2012,2799,0
31/08/2012,2800,0
01/09/2012,2801,0
02/09/2012,2802,0
03/09/2012,2803,0
04/09/2012,2804,0
05/09/2012,2805,0
06/09/2012,2806,0
07/09/2012,2807,0
08/09/2012,2808,0
09/09/2012,2809,0
10/09/2012,2810,0
11/09/2012,2811,0
12/09/2012,2812,0
13/09/2012,2813,0
14/09/2012,2814,0
15/09/2012,2815,0
16/09/2012,2816,0
17/09/2012,2817,0
18/09/2012,2818,0
19/09/2012,2819,0
20/09/2012,2820,0
21/09/2012,2821,0
22/09/2012,2822,0
23/09/2012,2823,0
24/09/2012,2824,0
25/09/2012,2825,0
26/09/2012,2826,0
27/09/2012,2827,0
28/09/2012,2828,0
29/09/2012,2829,0
30/09/2012,2830,0
01/10/2012,2831,0
02/10/2012,2832,0
03/10/2012,2833,0
04/10/2012,2834,0
05/10/2012,2835,0
06/10/2012,2836,0
07/10/2012,2837,0
08/10/2012,2838,0
09/10/2012,2839,0
10/10/2012,2840,0
11/10/2012,2841,0
12/10/2012,2842,0
13/10/2012,2843,0
14/10/2012,2844,0
15/10/2012,2845,0
16/10/2012,2846,0
17/10/2012,2847,0
18/10/2012,2848,0
19/10/2012,2849,0
20/10/2012,2850,0
21/10/2012,2851,0
22/10/2012,2852,0
23/10/2012,2853,0
24/10/2012,2854,0
25/10/2012,2855,0
26/10/2012,2856,0
27/10/2012,2857,0
28/10/2012,2858,0
29/10/2012,2859,0
30/10/2012,2860,0
31/10/2012,2861,0
01/11/2012,2862,0
02/11/2012,2863,0
03/11/2012,2864,0
04/11/2012,2865,0
05/11/2012,2866,0
06/11/2012,2867,0
07/11/2012,2868,0
08/11/2012,2869,0
09/11/2012,2870,0
10/11/2012,2871,0
11/11/2012,2872,0
12/11/2012,2873,0
13/11/2012,2874,0
14/11/2012,2875,0
15/11/2012,2876,0
16/11/2012,2877,0
17/11/2012,2878,0
18/11/2012,2879,0
19/11/2012,2880,0
20/11/2012,2881,0
21/11/2012,2882,0
22/11/2012,2883,0
23/11/2012,2884,0
24/11/2012,2885,0
25/11/2012,2886,0
26/11/2012,2887,0
27/11/2012,2888,0
28/11/2012,2889,0
29/11/2012,2890,0
30/11/2012,2891,0
01/12/2012,2892,0
02/12/2012,2893,0
03/12/2012,2894,0
04/12/2012,2895,0
05/12/2012,2896,0
06/12/2012,2897,0
07/12/2012,2898,0
08/12/2012,2899,0
09/12/2012,2900,0
10/12/2012,2901,0
11/12/2012,2902,0
12/12/2012,2903,0
13/12/2012,2904,0
14/12/2012,2905,0
15/12/2012,2906,0
16/12/2012,2907,0
17/12/2012,2908,0
18/12/2012,2909,0
19/12/2012,2910,0
20/12/2012,2911,0
21/12/2012,2912,0
22/12/2012,2913,0
23/12/2012,2914,0
24/12/2012,2915,0
25/12/2012,2916,0
26/12/2012,2917,0
27/12/2012,2918,0
28/12/2012,2919,0
29/12/2012,2920,0
30/12/2012,2921,0
31/12/2012,2922,0
01/01/2013,2923,0
02/01/2013,2924,0
03/01/2013,2925,0
04/01/2013,2926,0
05/01/2013,2927,0
06/01/2013,2928,0
07/01/2013,2929,0
08/01/2013,2930,0
09/01/2013,2931,0
10/01/2013,2932,0
11/01/2013,2933,0
12/01/2013,2934,0
13/01/2013,2935,0
14/01/2013,2936,0
15/01/2013,2937,0
16/01/2013,2938,0
17/01/2013,2939,0
18/01/2013,2940,0
19/01/2013,2941,0
20/01/2013,2942,0
21/01/2013,2943,0
22/01/2013,2944,0
23/01/2013,2945,0
24/01/2013,2946,0
25/01/2013,2947,0
26/01/2013,2948,0
27/01/2013,2949,0
28/01/2013,2950,0
29/01/2013,2951,0
30/01/2013,2952,0
31/01/2013,2953,0
01/02/2013,2954,0
02/02/2013,2955,0
03/02/2013,2956,0
04/02/2013,2957,0
05/02/2013,2958,0
06/02/2013,2959,0
07/02/2013,2960,0
08/02/2013,2961,0
09/02/2013,2962,0
10/02/2013,2963,0
11/02/2013,2964,0
12/02/2013,2965,0
13/02/2013,2966,0
14/02/2013,2967,0
15/02/2013,2968,0
16/02/2013,2969,0
17/02/2013,2970,0
18/02/2013,2971,0
19/02/2013,2972,0
20/02/2013,2973,0
21/02/2013,2974,0
22/02/2013,2975,0
23/02/2013,2976,0
24/02/2013,2977,0
25/02/2013,2978,0
26/02/2013,2979,0
27/02/2013,2980,0
28/02/2013,2981,0
01/03/2013,2982,0
02/03/2013,2983,0
03/03/2013,2984,0
04/03/2013,2985,0
05/03/2013,2986,0
06/03/2013,2987,0
07/03/2013,2988,0
08/03/2013,2989,0
09/03/2013,2990,0
10/03/2013,2991,0
11/03/2013,2992,0
12/03/2013,2993,0
13/03/2013,2994,0
14/03/2013,2995,0
15/03/2013,2996,0
16/03/2013,2997,0
17/03/2013,2998,0
18/03/2013,2999,0
19/03/2013,3000,0
20/03/2013,3001,0
21/03/2013,3002,0
22/03/2013,3003,0
23/03/2013,3004,0
24/03/2013,3005,0
25/03/2013,3006,0
26/03/2013,3007,0
27/03/2013,3008,0
28/03/2013,3009,0
29/03/2013,3010,0
30/03/2013,3011,0
31/03/2013,3012,0
01/04/2013,3013,0
02/04/2013,3014,0
03/04/2013,3015,0
04/04/2013,3016,0
05/04/2013,3017,0
06/04/2013,3018,0
07/04/2013,3019,0
08/04/2013,3020,0
09/04/2013,3021,0
10/04/2013,3022,0
11/04/2013,3023,0
12/04/2013,3024,0
13/04/2013,3025,0
14/04/2013,3026,0
15/04/2013,3027,0
16/04/2013,3028,0
17/04/2013,3029,0
18/04/2013,3030,0
19/04/2013,3031,0
20/04/2013,3032,0
21/04/2013,3033,0
22/04/2013,3034,0
23/04/2013,3035,0
24/04/2013,3036,0
25/04/2013,3037,0
26/04/2013,3038,0
27/04/2013,3039,0
28/04/2013,3040,0
29/04/2013,3041,0
30/04/2013,3042,0
01/05/2013,3043,0
02/05/2013,3044,0
03/05/2013,3045,0
04/05/2013,3046,0
05/05/2013,3047,0
06/05/2013,3048,0
07/05/2013,3049,0
08/05/2013,3050,0
09/05/2013,3051,0
10/05/2013,3052,0
11/05/2013,3053,0
12/05/2013,3054,0
13/05/2013,3055,0
14/05/2013,3056,0
15/05/2013,3057,0
16/05/2013,3058,0
17/05/2013,3059,0
18/05/2013,3060,0
19/05/2013,3061,0
20/05/2013,3062,0
21/05/2013,3063,0
22/05/2013,3064,0
23/05/2013,3065,0
24/05/2013,3066,0
25/05/2013,3067,0
26/05/2013,3068,0
27/05/2013,3069,0
28/05/2013,3070,0
29/05/2013,3071,0
30/05/2013,3072,0
31/05/2013,3073,0
01/06/2013,3074,0
02/06/2013,3075,0
03/06/2013,3076,0
04/06/2013,3077,0
05/06/2013,3078,0
06/06/2013,3079,0
07/06/2013,3080,0
08/06/2013,3081,0
09/06/2013,3082,0
10/06/2013,3083,0
11/06/2013,3084,0
12/06/2013,3085,0
13/06/2013,3086,0
14/06/2013,3087,0
15/06/2013,3088,0
16/06/2013,3089,0
17/06/2013,3090,0
18/06/2013,3091,0
19/06/2013,3092,0
20/06/2013,3093,0
21/06/2013,3094,0
22/06/2013,3095,0
23/06/2013,3096,0
24/06/2013,3097,0
25/06/2013,3098,0
26/06/2013,3099,0
27/06/2013,3100,0
28/06/2013,3101,0
29/06/2013,3102,0
30/06/2013,3103,0
01/07/2013,3104,0
02/07/2013,3105,0
03/07/2013,3106,0
04/07/2013,3107,0
05/07/2013,3108,0
06/07/2013,3109,0
07/07/2013,3110,0
08/07/2013,3111,0
09/07/2013,3112,0
10/07/2013,3113,0
11/07/2013,3114,0
12/07/2013,3115,0
13/07/2013,3116,0
14/07/2013,3117,0
15/07/2013,3118,0
16/07/2013,3119,0
17/07/2013,3120,0
18/07/2013,3121,0
19/07/2013,3122,0
20/07/2013,3123,0
21/07/2013,3124,0
22/07/2013,3125,0
23/07/2013,3126,0
24/07/2013,3127,0
25/07/2013,3128,0
26/07/2013,3129,0
27/07/2013,3130,0
28/07/2013,3131,0
29/07/2013,3132,0
30/07/2013,3133,0
31/07/2013,3134,0
01/08/2013,3135,0
02/08/2013,3136,0
03/08/2013,3137,0
04/08/2013,3138,0
05/08/2013,3139,0
06/08/2013,3140,0
07/08/2013,3141,0
08/08/2013,3142,0
09/08/2013,3143,0
10/08/2013,3144,0
11/08/2013,3145,0
12/08/2013,3146,0
13/08/2013,3147,0
14/08/2013,3148,0
15/08/2013,3149,0
16/08/2013,3150,0
17/08/2013,3151,0
18/08/2013,3152,0
19/08/2013,3153,0
20/08/2013,3154,0
21/08/2013,3155,0
22/08/2013,3156,0
23/08/2013,3157,0
24/08/2013,3158,0
25/08/2013,3159,0
26/08/2013,3160,0
27/08/2013,3161,0
28/08/2013,3162,0
29/08/2013,3163,0
30/08/2013,3164,0
31/08/2013,3165,0
01/09/2013,3166,0
02/09/2013,3167,0
03/09/2013,3168,0
04/09/2013,3169,0
05/09/2013,3170,0
06/09/2013,3171,0
07/09/2013,3172,0
08/09/2013,3173,0
09/09/2013,3174,0
10/09/2013,3175,0
11/09/2013,3176,0
12/09/2013,3177,0
13/09/2013,3178,0
14/09/2013,3179,0
15/09/2013,3180,0
16/09/2013,3181,0
17/09/2013,3182,0
18/09/2013,3183,0
19/09/2013,3184,0
20/09/2013,3185,0
21/09/2013,3186,0
22/09/2013,3187,0
23/09/2013,3188,0
24/09/2013,3189,0
25/09/2013,3190,0
26/09/2013,3191,0
27/09/2013,3192,0
28/09/2013,3193,0
29/09/2013,3194,0
30/09/2013,3195,0
01/10/2013,3196,0
02/10/2013,3197,0
03/10/2013,3198,0
04/10/2013,3199,0
05/10/2013,3200,0
06/10/2013,3201,0
07/10/2013,3202,0
08/10/2013,3203,0
09/10/2013,3204,0
10/10/2013,3205,0
11/10/2013,3206,0
12/10/2013,3207,0
13/10/2013,3208,0
14/10/2013,3209,0
15/10/2013,3210,0
16/10/2013,3211,0
17/10/2013,3212,0
18/10/2013,3213,0
19/10/2013,3214,0
20/10/2013,3215,0
21/10/2013,3216,0
22/10/2013,3217,0
23/10/2013,3218,0
24/10/2013,3219,0
25/10/2013,3220,0
26/10/2013,3221,0
27/10/2013,3222,0
28/10/2013,3223,0
29/10/2013,3224,0
30/10/2013,3225,0
31/10/2013,3226,0
01/11/2013,3227,0
02/11/2013,3228,0
03/11/2013,3229,0
04/11/2013,3230,0
05/11/2013,3231,0
06/11/2013,3232,0
07/11/2013,3233,0
08/11/2013,3234,0
09/11/2013,3235,0
10/11/2013,3236,0
11/11/2013,3237,0
12/11/2013,3238,0
13/11/2013,3239,0
14/11/2013,3240,0
15/11/2013,3241,0
16/11/2013,3242,0
17/11/2013,3243,0
18/11/2013,3244,0
19/11/2013,3245,0
20/11/2013,3246,0
21/11/2013,3247,0
22/11/2013,3248,0
23/11/2013,3249,0
24/11/2013,3250,0
25/11/2013,3251,0
26/11/2013,3252,0
27/11/2013,3253,0
28/11/2013,3254,0
29/11/2013,3255,0
30/11/2013,3256,0
01/12/2013,3257,0
02/12/2013,3258,0
03/12/2013,3259,0
04/12/2013,3260,0
05/12/2013,3261,0
06/12/2013,3262,0
07/12/2013,3263,0
08/12/2013,3264,0
09/12/2013,3265,0
10/12/2013,3266,0
11/12/2013,3267,0
12/12/2013,3268,0
13/12/2013,3269,0
14/12/2013,3270,0
15/12/2013,3271,0
16/12/2013,3272,0
17/12/2013,3273,0
18/12/2013,3274,0
19/12/2013,3275,0
20/12/2013,3276,0
21/12/2013,3277,0
22/12/2013,3278,0
23/12/2013,3279,0
24/12/2013,3280,0
25/12/2013,3281,0
26/12/2013,3282,0
27/12/2013,3283,0
28/12/2013,3284,0
29/12/2013,3285,0
30/12/2013,3286,0
31/12/2013,3287,0
01/01/2014,3288,0
02/01/2014,3289,0
03/01/2014,3290,0
04/01/2014,3291,0
05/01/2014,3292,0
06/01/2014,3293,0
07/01/2014,3294,0
08/01/2014,3295,0
09/01/2014,3296,0
10/01/2014,3297,0
11/01/2014,3298,0
12/01/2014,3299,0
13/01/2014,3300,0
14/01/2014,3301,0
15/01/2014,3302,0
16/01/2014,3303,0
17/01/2014,3304,0
18/01/2014,3305,0
19/01/2014,3306,0
20/01/2014,3307,0
21/01/2014,3308,0
22/01/2014,3309,0
23/01/2014,3310,0
24/01/2014,3311,0
25/01/2014,3312,0
26/01/2014,3313,0
27/01/2014,3314,0
28/01/2014,3315,0
29/01/2014,3316,0
30/01/2014,3317,0
31/01/2014,3318,0
01/02/2014,3319,0
02/02/2014,3320,0
03/02/2014,3321,0
04/02/2014,3322,0
05/02/2014,3323,0
06/02/2014,3324,0
07/02/2014,3325,0
08/02/2014,3326,0
09/02/2014,3327,0
10/02/2014,3328,0
11/02/2014,3329,0
12/02/2014,3330,0
13/02/2014,3331,0
14/02/2014,3332,0
15/02/2014,3333,0
16/02/2014,3334,0
17/02/2014,3335,0
18/02/2014,3336,0
19/02/2014,3337,0
20/02/2014,3338,0
21/02/2014,3339,0
22/02/2014,3340,0
23/02/2014,3341,0
24/02/2014,3342,0
25/02/2014,3343,0
26/02/2014,3344,0
27/02/2014,3345,0
28/02/2014,3346,0
01/03/2014,3347,0
02/03/2014,3348,0
03/03/2014,3349,0
04/03/2014,3350,0
05/03/2014,3351,0
06/03/2014,3352,0
07/03/2014,3353,0
08/03/2014,3354,0
09/03/2014,3355,0
10/03/2014,3356,0
11/03/2014,3357,0
12/03/2014,3358,0
13/03/2014,3359,0
14/03/2014,3360,0
15/03/2014,3361,0
16/03/2014,3362,0
17/03/2014,3363,0
18/03/2014,3364,0
19/03/2014,3365,0
20/03/2014,3366,0
21/03/2014,3367,0
22/03/2014,3368,0
23/03/2014,3369,0
24/03/2014,3370,0
25/03/2014,3371,0
26/03/2014,3372,0
27/03/2014,3373,0
28/03/2014,3374,0
29/03/2014,3375,0
30/03/2014,3376,0
31/03/2014,3377,0
01/04/2014,3378,0
02/04/2014,3379,0
03/04/2014,3380,0
04/04/2014,3381,0
05/04/2014,3382,0
06/04/2014,3383,0
07/04/2014,3384,0
08/04/2014,3385,0
09/04/2014,3386,0
10/04/2014,3387,0
11/04/2014,3388,0
12/04/2014,3389,0
13/04/2014,3390,0
14/04/2014,3391,0
15/04/2014,3392,0
16/04/2014,3393,0
17/04/2014,3394,0
18/04/2014,3395,0
19/04/2014,3396,0
20/04/2014,3397,0
21/04/2014,3398,0
22/04/2014,3399,0
23/04/2014,3400,0
24/04/2014,3401,0
25/04/2014,3402,0
26/04/2014,3403,0
27/04/2014,3404,0
28/04/2014,3405,0
29/04/2014,3406,0
30/04/2014,3407,0
01/05/2014,3408,0
02/05/2014,3409,0
03/05/2014,3410,0
04/05/2014,3411,0
05/05/2014,3412,0
06/05/2014,3413,0
07/05/2014,3414,0
08/05/2014,3415,0
09/05/2014,3416,0
10/05/2014,3417,0
11/05/2014,3418,0
12/05/2014,3419,0
13/05/2014,3420,0
14/05/2014,3421,0
15/05/2014,3422,0
16/05/2014,3423,0
17/05/2014,3424,0
18/05/2014,3425,0
19/05/2014,3426,0
20/05/2014,3427,0
21/05/2014,3428,0
22/05/2014,3429,0
23/05/2014,3430,0
24/05/2014,3431,0
25/05/2014,3432,0
26/05/2014,3433,0
27/05/2014,3434,0
28/05/2014,3435,0
29/05/2014,3436,0
30/05/2014,3437,0
31/05/2014,3438,0
01/06/2014,3439,0
02/06/2014,3440,0
03/06/2014,3441,0
04/06/2014,3442,0
05/06/2014,3443,0
06/06/2014,3444,0
07/06/2014,3445,0
08/06/2014,3446,0
09/06/2014,3447,0
10/06/2014,3448,0
11/06/2014,3449,0
12/06/2014,3450,0
13/06/2014,3451,0
14/06/2014,3452,0
15/06/2014,3453,0
16/06/2014,3454,0
17/06/2014,3455,0
18/06/2014,3456,0
19/06/2014,3457,0
20/06/2014,3458,0
21/06/2014,3459,0
22/06/2014,3460,0
23/06/2014,3461,0
24/06/2014,3462,0
25/06/2014,3463,0
26/06/2014,3464,0
27/06/2014,3465,0
28/06/2014,3466,0
29/06/2014,3467,0
30/06/2014,3468,0
01/07/2014,3469,0
02/07/2014,3470,0
03/07/2014,3471,0
04/07/2014,3472,0
05/07/2014,3473,0
06/07/2014,3474,0
07/07/2014,3475,0
08/07/2014,3476,0
09/07/2014,3477,0
10/07/2014,3478,0
11/07/2014,3479,0
12/07/2014,3480,0
13/07/2014,3481,0
14/07/2014,3482,0
15/07/2014,3483,0
16/07/2014,3484,0
17/07/2014,3485,0
18/07/2014,3486,0
19/07/2014,3487,0
20/07/2014,3488,0
21/07/2014,3489,0
22/07/2014,3490,0
23/07/2014,3491,0
24/07/2014,3492,0
25/07/2014,3493,0
26/07/2014,3494,0
27/07/2014,3495,0
28/07/2014,3496,0
29/07/2014,3497,0
30/07/2014,3498,0
31/07/2014,3499,0
01/08/2014,3500,0
02/08/2014,3501,0
03/08/2014,3502,0
04/08/2014,3503,0
05/08/2014,3504,0
06/08/2014,3505,0
07/08/2014,3506,0
08/08/2014,3507,0
09/08/2014,3508,0
10/08/2014,3509,0
11/08/2014,3510,0
12/08/2014,3511,0
13/08/2014,3512,0
14/08/2014,3513,0
15/08/2014,3514,0
16/08/2014,3515,0
17/08/2014,3516,0
18/08/2014,3517,0
19/08/2014,3518,0
20/08/2014,3519,0
21/08/2014,3520,0
22/08/2014,3521,0
23/08/2014,3522,0
24/08/2014,3523,0
25/08/2014,3524,0
26/08/2014,3525,0
27/08/2014,3526,0
28/08/2014,3527,0
29/08/2014,3528,0
30/08/2014,3529,0
31/08/2014,3530,0
01/09/2014,3531,0
02/09/2014,3532,0
03/09/2014,3533,0
04/09/2014,3534,0
05/09/2014,3535,0
06/09/2014,3536,0
07/09/2014,3537,0
08/09/2014,3538,0
09/09/2014,3539,0
10/09/2014,3540,0
11/09/2014,3541,0
12/09/2014,3542,0
13/09/2014,3543,0
14/09/2014,3544,0
15/09/2014,3545,0
16/09/2014,3546,0
17/09/2014,3547,0
18/09/2014,3548,0
19/09/2014,3549,0
20/09/2014,3550,0
21/09/2014,3551,0
22/09/2014,3552,0
23/09/2014,3553,0
24/09/2014,3554,0
25/09/2014,3555,0
26/09/2014,3556,0
27/09/2014,3557,0
28/09/2014,3558,0
29/09/2014,3559,0
30/09/2014,3560,0
01/10/2014,3561,0
02/10/2014,3562,0
03/10/2014,3563,0
04/10/2014,3564,0
05/10/2014,3565,0
06/10/2014,3566,0
07/10/2014,3567,0
08/10/2014,3568,0
09/10/2014,3569,0
10/10/2014,3570,0
11/10/2014,3571,0
12/10/2014,3572,0
13/10/2014,3573,0
14/10/2014,3574,0
15/10/2014,3575,0
16/10/2014,3576,0
17/10/2014,3577,0
18/10/2014,3578,0
19/10/2014,3579,0
20/10/2014,3580,0
21/10/2014,3581,0
22/10/2014,3582,0
23/10/2014,3583,0
24/10/2014,3584,0
25/10/2014,3585,0
26/10/2014,3586,0
27/10/2014,3587,0
28/10/2014,3588,0
29/10/2014,3589,0
30/10/2014,3590,0
31/10/2014,3591,0
01/11/2014,3592,0
02/11/2014,3593,0
03/11/2014,3594,0
04/11/2014,3595,0
05/11/2014,3596,0
06/11/2014,3597,0
07/11/2014,3598,0
08/11/2014,3599,0
09/11/2014,3600,0
10/11/2014,3601,0
11/11/2014,3602,0
12/11/2014,3603,0
13/11/2014,3604,0
14/11/2014,3605,0
15/11/2014,3606,0
16/11/2014,3607,0
17/11/2014,3608,0
18/11/2014,3609,0
19/11/2014,3610,0
20/11/2014,3611,0
21/11/2014,3612,0
22/11/2014,3613,0
23/11/2014,3614,0
24/11/2014,3615,0
25/11/2014,3616,0
26/11/2014,3617,0
27/11/2014,3618,0
28/11/2014,3619,0
29/11/2014,3620,0
30/11/2014,3621,0
01/12/2014,3622,0
02/12/2014,3623,0
03/12/2014,3624,0
04/12/2014,3625,0
05/12/2014,3626,0
06/12/2014,3627,0
07/12/2014,3628,0
08/12/2014,3629,0
09/12/2014,3630,0
10/12/2014,3631,0
11/12/2014,3632,0
12/12/2014,3633,0
13/12/2014,3634,0
14/12/2014,3635,0
15/12/2014,3636,0
16/12/2014,3637,0
17/12/2014,3638,0
18/12/2014,3639,0
19/12/2014,3640,0
20/12/2014,3641,0
21/12/2014,3642,0
22/12/2014,3643,0
23/12/2014,3644,0
24/12/2014,3645,0
25/12/2014,3646,0
26/12/2014,3647,0
27/12/2014,3648,0
28/12/2014,3649,0
29/12/2014,3650,0
30/12/2014,3651,0
31/12/2014,3652,0