"","median","vector_days","Temperature"
"X2016.01.01.10.00.00","313.0985",2016-01-01,39.9485
"X2016.01.02.10.00.00","312.7950",2016-01-02,39.645
"X2016.01.03.10.00.00","312.2999",2016-01-03,39.1499
"X2016.01.04.10.00.00","312.9688",2016-01-04,39.8188
"X2016.01.05.10.00.00","316.8783",2016-01-05,43.7283
"X2016.01.06.10.00.00","320.4908",2016-01-06,47.3408
"X2016.01.07.10.00.00","316.8605",2016-01-07,43.7105
"X2016.01.08.10.00.00","316.6497",2016-01-08,43.4997
"X2016.01.09.10.00.00","316.0591",2016-01-09,42.9091
"X2016.01.10.10.00.00","315.5476",2016-01-10,42.3976
"X2016.01.11.10.00.00","311.8547",2016-01-11,38.7047
"X2016.01.12.10.00.00","305.4056",2016-01-12,32.2556
"X2016.01.13.10.00.00","305.9911",2016-01-13,32.8411
"X2016.01.14.10.00.00","305.5950",2016-01-14,32.4450000000001
"X2016.01.15.10.00.00","305.8451",2016-01-15,32.6951
"X2016.01.16.10.00.00","302.4656",2016-01-16,29.3156
"X2016.01.17.10.00.00","302.0581",2016-01-17,28.9081
"X2016.01.18.10.00.00","304.1796",2016-01-18,31.0296
"X2016.01.19.10.00.00","302.8894",2016-01-19,29.7394
"X2016.01.20.10.00.00","300.1839",2016-01-20,27.0339
"X2016.01.21.10.00.00","298.3288",2016-01-21,25.1788
"X2016.01.22.10.00.00","295.5606",2016-01-22,22.4106
"X2016.01.23.10.00.00","299.7251",2016-01-23,26.5751
"X2016.01.24.10.00.00","298.8175",2016-01-24,25.6675
"X2016.01.25.10.00.00","301.8002",2016-01-25,28.6502
"X2016.01.26.10.00.00","302.3452",2016-01-26,29.1952
"X2016.01.27.10.00.00","303.0946",2016-01-27,29.9446
"X2016.01.28.10.00.00","304.9710",2016-01-28,31.821
"X2016.01.29.10.00.00","305.1762",2016-01-29,32.0262
"X2016.01.30.10.00.00","307.0511",2016-01-30,33.9011
"X2016.01.31.10.00.00","308.5792",2016-01-31,35.4292
"X2016.02.01.10.00.00","309.4326",2016-02-01,36.2826
"X2016.02.02.10.00.00","309.9313",2016-02-02,36.7813
"X2016.02.03.10.00.00","308.6789",2016-02-03,35.5289
"X2016.02.04.10.00.00","307.3774",2016-02-04,34.2274
"X2016.02.05.10.00.00","307.4757",2016-02-05,34.3257
"X2016.02.06.10.00.00","307.4465",2016-02-06,34.2965
"X2016.02.07.10.00.00","311.3418",2016-02-07,38.1918
"X2016.02.08.10.00.00","311.5085",2016-02-08,38.3585
"X2016.02.09.10.00.00","311.6488",2016-02-09,38.4988
"X2016.02.10.10.00.00","311.1644",2016-02-10,38.0144
"X2016.02.11.10.00.00","312.3049",2016-02-11,39.1549
"X2016.02.12.10.00.00","313.0187",2016-02-12,39.8687
"X2016.02.13.10.00.00","312.8385",2016-02-13,39.6885
"X2016.02.14.10.00.00","311.9159",2016-02-14,38.7659
"X2016.02.15.10.00.00","310.4164",2016-02-15,37.2664
"X2016.02.16.10.00.00","308.1083",2016-02-16,34.9583
"X2016.02.17.10.00.00","307.4914",2016-02-17,34.3414
"X2016.02.18.10.00.00","304.4125",2016-02-18,31.2625
"X2016.02.19.10.00.00","307.1302",2016-02-19,33.9802
"X2016.02.20.10.00.00","303.9195",2016-02-20,30.7695000000001
"X2016.02.21.10.00.00","306.4998",2016-02-21,33.3498
"X2016.02.22.10.00.00","307.9202",2016-02-22,34.7702
"X2016.02.23.10.00.00","309.4718",2016-02-23,36.3218
"X2016.02.24.10.00.00","305.9655",2016-02-24,32.8155
"X2016.02.25.10.00.00","304.4681",2016-02-25,31.3181
"X2016.02.26.10.00.00","306.8054",2016-02-26,33.6554
"X2016.02.27.10.00.00","306.0873",2016-02-27,32.9373000000001
"X2016.02.28.10.00.00","307.0561",2016-02-28,33.9061
"X2016.02.29.10.00.00","308.4830",2016-02-29,35.333
"X2016.03.01.10.00.00","309.4255",2016-03-01,36.2755
"X2016.03.02.10.00.00","310.5418",2016-03-02,37.3918
"X2016.03.03.10.00.00","309.3884",2016-03-03,36.2384
"X2016.03.04.10.00.00","311.5163",2016-03-04,38.3663
"X2016.03.05.10.00.00","310.0125",2016-03-05,36.8625
"X2016.03.06.10.00.00","310.0303",2016-03-06,36.8803
"X2016.03.07.10.00.00","308.5414",2016-03-07,35.3914
"X2016.03.08.10.00.00","304.7687",2016-03-08,31.6187
"X2016.03.09.10.00.00","304.1888",2016-03-09,31.0388
"X2016.03.10.10.00.00","305.2146",2016-03-10,32.0646
"X2016.03.11.10.00.00","305.2125",2016-03-11,32.0625
"X2016.03.12.10.00.00","305.0102",2016-03-12,31.8602
"X2016.03.13.10.00.00","305.4348",2016-03-13,32.2848
"X2016.03.14.10.00.00","305.4013",2016-03-14,32.2513
"X2016.03.15.10.00.00","306.1771",2016-03-15,33.0271
"X2016.03.16.10.00.00","296.3456",2016-03-16,23.1956
"X2016.03.17.10.00.00","301.3714",2016-03-17,28.2214
"X2016.03.18.10.00.00","302.5041",2016-03-18,29.3541
"X2016.03.19.10.00.00","302.6309",2016-03-19,29.4809
"X2016.03.20.10.00.00","302.6829",2016-03-20,29.5329
"X2016.03.21.10.00.00","301.7945",2016-03-21,28.6445000000001
"X2016.03.22.10.00.00","301.5573",2016-03-22,28.4073
"X2016.03.23.10.00.00","302.0196",2016-03-23,28.8696
"X2016.03.24.10.00.00","303.7286",2016-03-24,30.5786
"X2016.03.25.10.00.00","303.3974",2016-03-25,30.2474
"X2016.03.26.10.00.00","298.3637",2016-03-26,25.2137
"X2016.03.27.10.00.00","299.1602",2016-03-27,26.0102
"X2016.03.28.10.00.00","300.0777",2016-03-28,26.9277
"X2016.03.29.10.00.00","301.6955",2016-03-29,28.5455
"X2016.03.30.10.00.00","304.0812",2016-03-30,30.9312
"X2016.03.31.10.00.00","304.8314",2016-03-31,31.6814
"X2016.04.01.10.00.00","304.3690",2016-04-01,31.2190000000001
"X2016.04.02.10.00.00","303.7336",2016-04-02,30.5836
"X2016.04.03.10.00.00","304.6982",2016-04-03,31.5482
"X2016.04.04.10.00.00","303.1153",2016-04-04,29.9653
"X2016.04.05.10.00.00","296.8906",2016-04-05,23.7406
"X2016.04.06.10.00.00","296.2743",2016-04-06,23.1243
"X2016.04.07.10.00.00","290.9800",2016-04-07,17.83
"X2016.04.08.10.00.00","290.0012",2016-04-08,16.8512
"X2016.04.09.10.00.00","294.7734",2016-04-09,21.6234
"X2016.04.10.10.00.00","296.5778",2016-04-10,23.4278
"X2016.04.11.10.00.00","297.4989",2016-04-11,24.3489
"X2016.04.12.10.00.00","298.8510",2016-04-12,25.701
"X2016.04.13.10.00.00","299.7842",2016-04-13,26.6342
"X2016.04.14.10.00.00","299.9196",2016-04-14,26.7696
"X2016.04.15.10.00.00","300.2473",2016-04-15,27.0973
"X2016.04.16.10.00.00","300.1183",2016-04-16,26.9683
"X2016.04.17.10.00.00","300.9960",2016-04-17,27.846
"X2016.04.18.10.00.00","301.9256",2016-04-18,28.7756
"X2016.04.19.10.00.00","300.5144",2016-04-19,27.3644
"X2016.04.20.10.00.00","299.8191",2016-04-20,26.6691
"X2016.04.21.10.00.00","294.2918",2016-04-21,21.1418
"X2016.04.22.10.00.00","295.8263",2016-04-22,22.6763
"X2016.04.23.10.00.00","296.1490",2016-04-23,22.999
"X2016.04.24.10.00.00","296.9639",2016-04-24,23.8139
"X2016.04.25.10.00.00","298.5440",2016-04-25,25.394
"X2016.04.26.10.00.00","298.6145",2016-04-26,25.4645
"X2016.04.27.10.00.00","298.5604",2016-04-27,25.4104
"X2016.04.28.10.00.00","299.1046",2016-04-28,25.9546
"X2016.04.29.10.00.00","299.1025",2016-04-29,25.9525
"X2016.04.30.10.00.00","292.6541",2016-04-30,19.5041000000001
"X2016.05.01.10.00.00","293.9178",2016-05-01,20.7678
"X2016.05.02.10.00.00","296.2216",2016-05-02,23.0716
"X2016.05.03.10.00.00","296.9219",2016-05-03,23.7719
"X2016.05.04.10.00.00","295.2001",2016-05-04,22.0501
"X2016.05.05.10.00.00","296.3670",2016-05-05,23.217
"X2016.05.06.10.00.00","297.6172",2016-05-06,24.4672
"X2016.05.07.10.00.00","294.4528",2016-05-07,21.3028
"X2016.05.08.10.00.00","292.0749",2016-05-08,18.9249
"X2016.05.09.10.00.00","292.4425",2016-05-09,19.2925
"X2016.05.10.10.00.00","293.7255",2016-05-10,20.5755
"X2016.05.11.10.00.00","294.7556",2016-05-11,21.6056
"X2016.05.12.10.00.00","295.0947",2016-05-12,21.9447
"X2016.05.13.10.00.00","289.9136",2016-05-13,16.7636
"X2016.05.14.10.00.00","289.8024",2016-05-14,16.6524
"X2016.05.15.10.00.00","291.5314",2016-05-15,18.3814
"X2016.05.16.10.00.00","292.9604",2016-05-16,19.8104
"X2016.05.17.10.00.00","293.7005",2016-05-17,20.5505
"X2016.05.18.10.00.00","293.9506",2016-05-18,20.8006
"X2016.05.19.10.00.00","294.2932",2016-05-19,21.1432
"X2016.05.20.10.00.00","294.7143",2016-05-20,21.5643
"X2016.05.21.10.00.00","294.1066",2016-05-21,20.9566
"X2016.05.22.10.00.00","294.7549",2016-05-22,21.6049
"X2016.05.23.10.00.00","294.4671",2016-05-23,21.3171
"X2016.05.24.10.00.00","293.7176",2016-05-24,20.5676
"X2016.05.25.10.00.00","292.9426",2016-05-25,19.7926
"X2016.05.26.10.00.00","292.6334",2016-05-26,19.4834
"X2016.05.27.10.00.00","293.5281",2016-05-27,20.3781
"X2016.05.28.10.00.00","293.8473",2016-05-28,20.6973
"X2016.05.29.10.00.00","293.4925",2016-05-29,20.3425
"X2016.05.30.10.00.00","292.9070",2016-05-30,19.757
"X2016.05.31.10.00.00","293.0694",2016-05-31,19.9194
"X2016.06.01.10.00.00","292.9219",2016-06-01,19.7719
"X2016.06.02.10.00.00","293.5445",2016-06-02,20.3945000000001
"X2016.06.03.10.00.00","293.0765",2016-06-03,19.9265
"X2016.06.04.10.00.00","293.8986",2016-06-04,20.7486
"X2016.06.05.10.00.00","292.6662",2016-06-05,19.5162
"X2016.06.06.10.00.00","294.0603",2016-06-06,20.9103
"X2016.06.07.10.00.00","293.3237",2016-06-07,20.1737
"X2016.06.08.10.00.00","293.6535",2016-06-08,20.5035
"X2016.06.09.10.00.00","294.0539",2016-06-09,20.9039
"X2016.06.10.10.00.00","294.6587",2016-06-10,21.5087
"X2016.06.11.10.00.00","289.7775",2016-06-11,16.6275
"X2016.06.12.10.00.00","286.6637",2016-06-12,13.5137
"X2016.06.13.10.00.00","286.8475",2016-06-13,13.6975
"X2016.06.14.10.00.00","287.5556",2016-06-14,14.4056
"X2016.06.15.10.00.00","290.7221",2016-06-15,17.5721
"X2016.06.16.10.00.00","289.8929",2016-06-16,16.7429
"X2016.06.17.10.00.00","289.0594",2016-06-17,15.9094
"X2016.06.18.10.00.00","290.0575",2016-06-18,16.9075
"X2016.06.19.10.00.00","290.9365",2016-06-19,17.7865
"X2016.06.20.10.00.00","290.4286",2016-06-20,17.2786
"X2016.06.21.10.00.00","289.0046",2016-06-21,15.8546
"X2016.06.22.10.00.00","289.2040",2016-06-22,16.054
"X2016.06.23.10.00.00","290.0283",2016-06-23,16.8783
"X2016.06.24.10.00.00","291.5107",2016-06-24,18.3607
"X2016.06.25.10.00.00","291.6446",2016-06-25,18.4946
"X2016.06.26.10.00.00","291.0519",2016-06-26,17.9019
"X2016.06.27.10.00.00","290.9942",2016-06-27,17.8442
"X2016.06.28.10.00.00","291.0356",2016-06-28,17.8856
"X2016.06.29.10.00.00","290.8233",2016-06-29,17.6733
"X2016.06.30.10.00.00","290.3987",2016-06-30,17.2487
"X2016.07.01.10.00.00","292.1575",2016-07-01,19.0075000000001
"X2016.07.02.10.00.00","286.8425",2016-07-02,13.6925
"X2016.07.03.10.00.00","287.2479",2016-07-03,14.0979
"X2016.07.04.10.00.00","290.0596",2016-07-04,16.9096
"X2016.07.05.10.00.00","291.0477",2016-07-05,17.8977
"X2016.07.06.10.00.00","289.3779",2016-07-06,16.2279
"X2016.07.07.10.00.00","288.3385",2016-07-07,15.1885
"X2016.07.08.10.00.00","289.3401",2016-07-08,16.1901
"X2016.07.09.10.00.00","290.3332",2016-07-09,17.1832
"X2016.07.10.10.00.00","290.3909",2016-07-10,17.2409
"X2016.07.11.10.00.00","291.5684",2016-07-11,18.4184
"X2016.07.12.10.00.00","292.3328",2016-07-12,19.1828
"X2016.07.13.10.00.00","290.8347",2016-07-13,17.6847
"X2016.07.14.10.00.00","291.6040",2016-07-14,18.454
"X2016.07.15.10.00.00","291.1089",2016-07-15,17.9589
"X2016.07.16.10.00.00","292.8058",2016-07-16,19.6558
"X2016.07.17.10.00.00","291.4238",2016-07-17,18.2738000000001
"X2016.07.18.10.00.00","292.4297",2016-07-18,19.2797
"X2016.07.19.10.00.00","293.3052",2016-07-19,20.1552
"X2016.07.20.10.00.00","293.7091",2016-07-20,20.5591
"X2016.07.21.10.00.00","293.8886",2016-07-21,20.7386
"X2016.07.22.10.00.00","292.1376",2016-07-22,18.9876
"X2016.07.23.10.00.00","289.1385",2016-07-23,15.9885
"X2016.07.24.10.00.00","288.0115",2016-07-24,14.8615
"X2016.07.25.10.00.00","284.6762",2016-07-25,11.5262
"X2016.07.26.10.00.00","285.7341",2016-07-26,12.5841
"X2016.07.27.10.00.00","284.9626",2016-07-27,11.8126
"X2016.07.28.10.00.00","284.8208",2016-07-28,11.6708
"X2016.07.29.10.00.00","287.6781",2016-07-29,14.5281
"X2016.07.30.10.00.00","288.2039",2016-07-30,15.0539
"X2016.07.31.10.00.00","288.7282",2016-07-31,15.5782
"X2016.08.01.10.00.00","288.5843",2016-08-01,15.4343
"X2016.08.02.10.00.00","288.8642",2016-08-02,15.7142
"X2016.08.03.10.00.00","286.1529",2016-08-03,13.0029
"X2016.08.04.10.00.00","287.1738",2016-08-04,14.0238000000001
"X2016.08.05.10.00.00","289.1570",2016-08-05,16.007
"X2016.08.06.10.00.00","291.1951",2016-08-06,18.0451
"X2016.08.07.10.00.00","292.4418",2016-08-07,19.2918
"X2016.08.08.10.00.00","290.5796",2016-08-08,17.4296000000001
"X2016.08.09.10.00.00","290.0952",2016-08-09,16.9452
"X2016.08.10.10.00.00","292.4012",2016-08-10,19.2512
"X2016.08.11.10.00.00","293.6891",2016-08-11,20.5391
"X2016.08.12.10.00.00","294.2740",2016-08-12,21.124
"X2016.08.13.10.00.00","294.8802",2016-08-13,21.7302
"X2016.08.14.10.00.00","293.3479",2016-08-14,20.1979
"X2016.08.15.10.00.00","293.9691",2016-08-15,20.8191
"X2016.08.16.10.00.00","294.4792",2016-08-16,21.3292
"X2016.08.17.10.00.00","292.9198",2016-08-17,19.7698
"X2016.08.18.10.00.00","294.5782",2016-08-18,21.4282
"X2016.08.19.10.00.00","295.7358",2016-08-19,22.5858
"X2016.08.20.10.00.00","296.4802",2016-08-20,23.3302
"X2016.08.21.10.00.00","294.5183",2016-08-21,21.3683
"X2016.08.22.10.00.00","290.9102",2016-08-22,17.7602
"X2016.08.23.10.00.00","291.4502",2016-08-23,18.3002
"X2016.08.24.10.00.00","295.1032",2016-08-24,21.9532
"X2016.08.25.10.00.00","296.8150",2016-08-25,23.665
"X2016.08.26.10.00.00","299.2328",2016-08-26,26.0828
"X2016.08.27.10.00.00","298.6195",2016-08-27,25.4695
"X2016.08.28.10.00.00","300.2993",2016-08-28,27.1493
"X2016.08.29.10.00.00","300.5258",2016-08-29,27.3758
"X2016.08.30.10.00.00","301.3814",2016-08-30,28.2314
"X2016.08.31.10.00.00","300.9254",2016-08-31,27.7754
"X2016.09.01.10.00.00","300.9126",2016-09-01,27.7626
"X2016.09.02.10.00.00","301.9242",2016-09-02,28.7742
"X2016.09.03.10.00.00","302.0182",2016-09-03,28.8682
"X2016.09.04.10.00.00","301.4583",2016-09-04,28.3083
"X2016.09.05.10.00.00","301.6677",2016-09-05,28.5177
"X2016.09.06.10.00.00","303.0597",2016-09-06,29.9097
"X2016.09.07.10.00.00","303.8006",2016-09-07,30.6506
"X2016.09.08.10.00.00","302.7085",2016-09-08,29.5585
"X2016.09.09.10.00.00","300.8528",2016-09-09,27.7028
"X2016.09.10.10.00.00","300.5593",2016-09-10,27.4093
"X2016.09.11.10.00.00","298.8147",2016-09-11,25.6647
"X2016.09.12.10.00.00","300.5685",2016-09-12,27.4185
"X2016.09.13.10.00.00","300.4831",2016-09-13,27.3331
"X2016.09.14.10.00.00","300.7359",2016-09-14,27.5859
"X2016.09.15.10.00.00","301.6934",2016-09-15,28.5434
"X2016.09.16.10.00.00","298.3196",2016-09-16,25.1696
"X2016.09.17.10.00.00","296.2102",2016-09-17,23.0602
"X2016.09.18.10.00.00","297.9812",2016-09-18,24.8312
"X2016.09.19.10.00.00","297.9100",2016-09-19,24.76
"X2016.09.20.10.00.00","301.4020",2016-09-20,28.252
"X2016.09.21.10.00.00","303.0526",2016-09-21,29.9026
"X2016.09.22.10.00.00","303.1231",2016-09-22,29.9731
"X2016.09.23.10.00.00","303.1381",2016-09-23,29.9881
"X2016.09.24.10.00.00","303.5220",2016-09-24,30.372
"X2016.09.25.10.00.00","304.2515",2016-09-25,31.1015
"X2016.09.26.10.00.00","304.6155",2016-09-26,31.4655
"X2016.09.27.10.00.00","302.7740",2016-09-27,29.624
"X2016.09.28.10.00.00","298.5860",2016-09-28,25.436
"X2016.09.29.10.00.00","299.0547",2016-09-29,25.9047
"X2016.09.30.10.00.00","301.2973",2016-09-30,28.1473
"X2016.10.01.10.00.00","303.6894",2016-10-01,30.5394
"X2016.10.02.10.00.00","298.8631",2016-10-02,25.7131
"X2016.10.03.10.00.00","298.7869",2016-10-03,25.6369
"X2016.10.04.10.00.00","300.4524",2016-10-04,27.3024
"X2016.10.05.10.00.00","303.6837",2016-10-05,30.5337
"X2016.10.06.10.00.00","305.7311",2016-10-06,32.5811
"X2016.10.07.10.00.00","305.5801",2016-10-07,32.4301
"X2016.10.08.10.00.00","297.4405",2016-10-08,24.2905
"X2016.10.09.10.00.00","299.9124",2016-10-09,26.7624
"X2016.10.10.10.00.00","301.8437",2016-10-10,28.6937
"X2016.10.11.10.00.00","306.0346",2016-10-11,32.8846
"X2016.10.12.10.00.00","305.5516",2016-10-12,32.4016
"X2016.10.13.10.00.00","307.0255",2016-10-13,33.8755
"X2016.10.14.10.00.00","307.9765",2016-10-14,34.8265
"X2016.10.15.10.00.00","307.6709",2016-10-15,34.5209
"X2016.10.16.10.00.00","306.8559",2016-10-16,33.7059
"X2016.10.17.10.00.00","304.6519",2016-10-17,31.5019
"X2016.10.18.10.00.00","303.0141",2016-10-18,29.8641
"X2016.10.19.10.00.00","305.0451",2016-10-19,31.8951
"X2016.10.20.10.00.00","301.7226",2016-10-20,28.5726
"X2016.10.21.10.00.00","302.7548",2016-10-21,29.6048
"X2016.10.22.10.00.00","304.5350",2016-10-22,31.385
"X2016.10.23.10.00.00","305.8088",2016-10-23,32.6588
"X2016.10.24.10.00.00","306.3758",2016-10-24,33.2258
"X2016.10.25.10.00.00","308.3726",2016-10-25,35.2226
"X2016.10.26.10.00.00","309.2830",2016-10-26,36.133
"X2016.10.27.10.00.00","311.8361",2016-10-27,38.6861
"X2016.10.28.10.00.00","312.5492",2016-10-28,39.3992
"X2016.10.29.10.00.00","312.6668",2016-10-29,39.5168
"X2016.10.30.10.00.00","312.9517",2016-10-30,39.8017
"X2016.10.31.10.00.00","313.6149",2016-10-31,40.4649
"X2016.11.01.10.00.00","314.4420",2016-11-01,41.292
"X2016.11.02.10.00.00","312.5920",2016-11-02,39.442
"X2016.11.03.10.00.00","311.1487",2016-11-03,37.9987
"X2016.11.04.10.00.00","310.8039",2016-11-04,37.6539
"X2016.11.05.10.00.00","306.0958",2016-11-05,32.9458
"X2016.11.06.10.00.00","304.6170",2016-11-06,31.467
"X2016.11.07.10.00.00","305.3749",2016-11-07,32.2249
"X2016.11.08.10.00.00","307.3026",2016-11-08,34.1526
"X2016.11.09.10.00.00","308.2771",2016-11-09,35.1271
"X2016.11.10.10.00.00","306.6287",2016-11-10,33.4787
"X2016.11.11.10.00.00","307.1031",2016-11-11,33.9531
"X2016.11.12.10.00.00","305.2567",2016-11-12,32.1067
"X2016.11.13.10.00.00","306.7434",2016-11-13,33.5934
"X2016.11.14.10.00.00","307.4415",2016-11-14,34.2915
"X2016.11.15.10.00.00","306.4777",2016-11-15,33.3277
"X2016.11.16.10.00.00","307.9288",2016-11-16,34.7788
"X2016.11.17.10.00.00","307.0668",2016-11-17,33.9168
"X2016.11.18.10.00.00","306.1457",2016-11-18,32.9957
"X2016.11.19.10.00.00","308.4460",2016-11-19,35.296
"X2016.11.20.10.00.00","308.1653",2016-11-20,35.0153
"X2016.11.21.10.00.00","307.9152",2016-11-21,34.7652
"X2016.11.22.10.00.00","312.2258",2016-11-22,39.0758
"X2016.11.23.10.00.00","306.8545",2016-11-23,33.7045
"X2016.11.24.10.00.00","306.3993",2016-11-24,33.2493
"X2016.11.25.10.00.00","307.4358",2016-11-25,34.2858
"X2016.11.26.10.00.00","308.2130",2016-11-26,35.063
"X2016.11.27.10.00.00","308.3263",2016-11-27,35.1763
"X2016.11.28.10.00.00","312.6889",2016-11-28,39.5389
"X2016.11.29.10.00.00","315.2684",2016-11-29,42.1184
"X2016.11.30.10.00.00","314.6863",2016-11-30,41.5363
"X2016.12.01.10.00.00","313.6035",2016-12-01,40.4535
"X2016.12.02.10.00.00","314.3793",2016-12-02,41.2293
"X2016.12.03.10.00.00","314.0887",2016-12-03,40.9387
"X2016.12.04.10.00.00","317.5152",2016-12-04,44.3652
"X2016.12.05.10.00.00","314.2055",2016-12-05,41.0555
"X2016.12.06.10.00.00","311.7072",2016-12-06,38.5572
"X2016.12.07.10.00.00","312.8242",2016-12-07,39.6742
"X2016.12.08.10.00.00","311.3660",2016-12-08,38.216
"X2016.12.09.10.00.00","310.4506",2016-12-09,37.3006
"X2016.12.10.10.00.00","313.1462",2016-12-10,39.9962
"X2016.12.11.10.00.00","312.7330",2016-12-11,39.583
"X2016.12.12.10.00.00","311.5184",2016-12-12,38.3684
"X2016.12.13.10.00.00","310.9093",2016-12-13,37.7593
"X2016.12.14.10.00.00","308.1332",2016-12-14,34.9832
"X2016.12.15.10.00.00","308.6205",2016-12-15,35.4705
"X2016.12.16.10.00.00","310.1293",2016-12-16,36.9793
"X2016.12.17.10.00.00","311.2620",2016-12-17,38.112
"X2016.12.18.10.00.00","312.9852",2016-12-18,39.8352
"X2016.12.19.10.00.00","315.9793",2016-12-19,42.8293
"X2016.12.20.10.00.00","316.5250",2016-12-20,43.375
"X2016.12.21.10.00.00","316.0741",2016-12-21,42.9241
"X2016.12.22.10.00.00","315.1850",2016-12-22,42.035
"X2016.12.23.10.00.00","313.5280",2016-12-23,40.378
"X2016.12.24.10.00.00","309.6655",2016-12-24,36.5155
"X2016.12.25.10.00.00","309.3806",2016-12-25,36.2306
"X2016.12.26.10.00.00","303.2556",2016-12-26,30.1056
"X2016.12.27.10.00.00","307.7443",2016-12-27,34.5943
"X2016.12.28.10.00.00","307.1017",2016-12-28,33.9517
"X2016.12.29.10.00.00","308.1553",2016-12-29,35.0053
"X2016.12.30.10.00.00","308.1040",2016-12-30,34.954
"X2016.12.31.10.00.00","310.5076",2016-12-31,37.3576
"X2017.01.01.10.00.00","313.1996",2017-01-01,40.0496
"X2017.01.02.10.00.00","312.7003",2017-01-02,39.5503
"X2017.01.03.10.00.00","298.3723",2017-01-03,25.2223
"X2017.01.04.10.00.00","297.8138",2017-01-04,24.6638
"X2017.01.05.10.00.00","295.9531",2017-01-05,22.8031
"X2017.01.06.10.00.00","295.0341",2017-01-06,21.8841
"X2017.01.07.10.00.00","300.5229",2017-01-07,27.3729
"X2017.01.08.10.00.00","300.3655",2017-01-08,27.2155
"X2017.01.09.10.00.00","301.5623",2017-01-09,28.4123
"X2017.01.10.10.00.00","300.9432",2017-01-10,27.7932
"X2017.01.11.10.00.00","299.4024",2017-01-11,26.2524
"X2017.01.12.10.00.00","301.1705",2017-01-12,28.0205
"X2017.01.13.10.00.00","301.8786",2017-01-13,28.7286
"X2017.01.14.10.00.00","302.9407",2017-01-14,29.7907
"X2017.01.15.10.00.00","302.3951",2017-01-15,29.2451
"X2017.01.16.10.00.00","303.2022",2017-01-16,30.0522
"X2017.01.17.10.00.00","301.2838",2017-01-17,28.1338
"X2017.01.18.10.00.00","302.4948",2017-01-18,29.3448
"X2017.01.19.10.00.00","304.9924",2017-01-19,31.8424
"X2017.01.20.10.00.00","305.6862",2017-01-20,32.5362
"X2017.01.21.10.00.00","306.8260",2017-01-21,33.676
"X2017.01.22.10.00.00","307.8739",2017-01-22,34.7239
"X2017.01.23.10.00.00","307.9181",2017-01-23,34.7681
"X2017.01.24.10.00.00","301.2994",2017-01-24,28.1494
"X2017.01.25.10.00.00","302.9172",2017-01-25,29.7672
"X2017.01.26.10.00.00","304.1176",2017-01-26,30.9676
"X2017.01.27.10.00.00","304.3299",2017-01-27,31.1799
"X2017.01.28.10.00.00","303.4907",2017-01-28,30.3407
"X2017.01.29.10.00.00","306.7427",2017-01-29,33.5927
"X2017.01.30.10.00.00","309.2018",2017-01-30,36.0518
"X2017.01.31.10.00.00","309.2260",2017-01-31,36.076
"X2017.02.01.10.00.00","310.0232",2017-02-01,36.8732
"X2017.02.02.10.00.00","309.1754",2017-02-02,36.0254
"X2017.02.03.10.00.00","305.3785",2017-02-03,32.2285
"X2017.02.04.10.00.00","296.3584",2017-02-04,23.2084
"X2017.02.05.10.00.00","300.7046",2017-02-05,27.5546000000001
"X2017.02.06.10.00.00","301.0757",2017-02-06,27.9257
"X2017.02.07.10.00.00","301.7603",2017-02-07,28.6103
"X2017.02.08.10.00.00","302.8809",2017-02-08,29.7309
"X2017.02.09.10.00.00","305.3094",2017-02-09,32.1594
"X2017.02.10.10.00.00","303.2606",2017-02-10,30.1106
"X2017.02.11.10.00.00","302.1151",2017-02-11,28.9651
"X2017.02.12.10.00.00","303.3297",2017-02-12,30.1797
"X2017.02.13.10.00.00","302.9479",2017-02-13,29.7979
"X2017.02.14.10.00.00","303.7849",2017-02-14,30.6349
"X2017.02.15.10.00.00","302.9443",2017-02-15,29.7943
"X2017.02.16.10.00.00","302.5489",2017-02-16,29.3989
"X2017.02.17.10.00.00","303.5655",2017-02-17,30.4155
"X2017.02.18.10.00.00","301.8750",2017-02-18,28.725
"X2017.02.19.10.00.00","300.2465",2017-02-19,27.0965
"X2017.02.20.10.00.00","295.6988",2017-02-20,22.5488
"X2017.02.21.10.00.00","295.9531",2017-02-21,22.8031
"X2017.02.22.10.00.00","296.9126",2017-02-22,23.7626
"X2017.02.23.10.00.00","298.6373",2017-02-23,25.4873
"X2017.02.24.10.00.00","297.2510",2017-02-24,24.101
"X2017.02.25.10.00.00","300.8065",2017-02-25,27.6565000000001
"X2017.02.26.10.00.00","301.3814",2017-02-26,28.2314
"X2017.02.27.10.00.00","300.5778",2017-02-27,27.4278
"X2017.02.28.10.00.00","301.0180",2017-02-28,27.868
"X2017.03.01.10.00.00","302.4478",2017-03-01,29.2978
"X2017.03.02.10.00.00","302.8631",2017-03-02,29.7131
"X2017.03.03.10.00.00","300.9824",2017-03-03,27.8324
"X2017.03.04.10.00.00","298.4029",2017-03-04,25.2529
"X2017.03.05.10.00.00","301.8601",2017-03-05,28.7101
"X2017.03.06.10.00.00","301.8309",2017-03-06,28.6809
"X2017.03.07.10.00.00","303.1359",2017-03-07,29.9859
"X2017.03.08.10.00.00","303.8426",2017-03-08,30.6926
"X2017.03.09.10.00.00","303.2164",2017-03-09,30.0664
"X2017.03.10.10.00.00","300.3641",2017-03-10,27.2141
"X2017.03.11.10.00.00","301.5445",2017-03-11,28.3945000000001
"X2017.03.12.10.00.00","303.2499",2017-03-12,30.0999
"X2017.03.13.10.00.00","304.0243",2017-03-13,30.8743
"X2017.03.14.10.00.00","304.3512",2017-03-14,31.2012
"X2017.03.15.10.00.00","304.3455",2017-03-15,31.1955
"X2017.03.16.10.00.00","305.1149",2017-03-16,31.9649
"X2017.03.17.10.00.00","305.1021",2017-03-17,31.9521
"X2017.03.18.10.00.00","306.3580",2017-03-18,33.208
"X2017.03.19.10.00.00","304.4267",2017-03-19,31.2767
"X2017.03.20.10.00.00","305.1591",2017-03-20,32.0091
"X2017.03.21.10.00.00","306.6643",2017-03-21,33.5143
"X2017.03.22.10.00.00","306.6016",2017-03-22,33.4516
"X2017.03.23.10.00.00","305.9676",2017-03-23,32.8176
"X2017.03.24.10.00.00","303.5021",2017-03-24,30.3521
"X2017.03.25.10.00.00","303.2193",2017-03-25,30.0693
"X2017.03.26.10.00.00","303.3760",2017-03-26,30.226
"X2017.03.27.10.00.00","303.4522",2017-03-27,30.3022
"X2017.03.28.10.00.00","305.4882",2017-03-28,32.3382
"X2017.03.29.10.00.00","306.4485",2017-03-29,33.2985
"X2017.03.30.10.00.00","306.4428",2017-03-30,33.2928
"X2017.03.31.10.00.00","305.0608",2017-03-31,31.9108
"X2017.04.01.10.00.00","308.0356",2017-04-01,34.8856
"X2017.04.02.10.00.00","307.5612",2017-04-02,34.4112
"X2017.04.03.10.00.00","308.3555",2017-04-03,35.2055
"X2017.04.04.10.00.00","307.8283",2017-04-04,34.6783
"X2017.04.05.10.00.00","306.1863",2017-04-05,33.0363
"X2017.04.06.10.00.00","306.8331",2017-04-06,33.6831
"X2017.04.07.10.00.00","301.0729",2017-04-07,27.9229
"X2017.04.08.10.00.00","298.3409",2017-04-08,25.1909
"X2017.04.09.10.00.00","299.9794",2017-04-09,26.8294
"X2017.04.10.10.00.00","297.0380",2017-04-10,23.888
"X2017.04.11.10.00.00","293.8680",2017-04-11,20.718
"X2017.04.12.10.00.00","297.8672",2017-04-12,24.7172
"X2017.04.13.10.00.00","293.3009",2017-04-13,20.1509
"X2017.04.14.10.00.00","295.9538",2017-04-14,22.8038
"X2017.04.15.10.00.00","293.0694",2017-04-15,19.9194
"X2017.04.16.10.00.00","294.0966",2017-04-16,20.9466
"X2017.04.17.10.00.00","295.8085",2017-04-17,22.6585
"X2017.04.18.10.00.00","296.4318",2017-04-18,23.2818
"X2017.04.19.10.00.00","296.3955",2017-04-19,23.2455
"X2017.04.20.10.00.00","296.4190",2017-04-20,23.269
"X2017.04.21.10.00.00","296.3107",2017-04-21,23.1607
"X2017.04.22.10.00.00","296.9611",2017-04-22,23.8111
"X2017.04.23.10.00.00","297.5445",2017-04-23,24.3945000000001
"X2017.04.24.10.00.00","297.8515",2017-04-24,24.7015
"X2017.04.25.10.00.00","298.3872",2017-04-25,25.2372
"X2017.04.26.10.00.00","297.2332",2017-04-26,24.0832
"X2017.04.27.10.00.00","297.7169",2017-04-27,24.5669
"X2017.04.28.10.00.00","298.6287",2017-04-28,25.4787
"X2017.04.29.10.00.00","299.2300",2017-04-29,26.08
"X2017.04.30.10.00.00","297.8159",2017-04-30,24.6659
"X2017.05.01.10.00.00","297.7561",2017-05-01,24.6061
"X2017.05.02.10.00.00","297.6535",2017-05-02,24.5035
"X2017.05.03.10.00.00","299.2457",2017-05-03,26.0957
"X2017.05.04.10.00.00","299.0248",2017-05-04,25.8748000000001
"X2017.05.05.10.00.00","299.8946",2017-05-05,26.7446
"X2017.05.06.10.00.00","299.1196",2017-05-06,25.9696
"X2017.05.07.10.00.00","297.3372",2017-05-07,24.1872
"X2017.05.08.10.00.00","298.3830",2017-05-08,25.233
"X2017.05.09.10.00.00","298.4606",2017-05-09,25.3106
"X2017.05.10.10.00.00","297.9100",2017-05-10,24.76
"X2017.05.11.10.00.00","297.5851",2017-05-11,24.4351
"X2017.05.12.10.00.00","292.8949",2017-05-12,19.7449
"X2017.05.13.10.00.00","289.9991",2017-05-13,16.8491
"X2017.05.14.10.00.00","293.0024",2017-05-14,19.8524
"X2017.05.15.10.00.00","293.7582",2017-05-15,20.6082
"X2017.05.16.10.00.00","294.7962",2017-05-16,21.6462
"X2017.05.17.10.00.00","295.3732",2017-05-17,22.2232
"X2017.05.18.10.00.00","296.1091",2017-05-18,22.9591
"X2017.05.19.10.00.00","295.9588",2017-05-19,22.8088
"X2017.05.20.10.00.00","295.8533",2017-05-20,22.7033
"X2017.05.21.10.00.00","296.0036",2017-05-21,22.8536
"X2017.05.22.10.00.00","296.2743",2017-05-22,23.1243
"X2017.05.23.10.00.00","295.7607",2017-05-23,22.6107
"X2017.05.24.10.00.00","295.2307",2017-05-24,22.0807
"X2017.05.25.10.00.00","295.7807",2017-05-25,22.6307
"X2017.05.26.10.00.00","295.8526",2017-05-26,22.7026
"X2017.05.27.10.00.00","293.6079",2017-05-27,20.4579
"X2017.05.28.10.00.00","290.2826",2017-05-28,17.1326
"X2017.05.29.10.00.00","290.4030",2017-05-29,17.253
"X2017.05.30.10.00.00","292.2423",2017-05-30,19.0923
"X2017.05.31.10.00.00","293.6008",2017-05-31,20.4508
"X2017.06.01.10.00.00","294.3018",2017-06-01,21.1518
"X2017.06.02.10.00.00","293.9100",2017-06-02,20.76
"X2017.06.03.10.00.00","293.5566",2017-06-03,20.4066
"X2017.06.04.10.00.00","294.4742",2017-06-04,21.3242
"X2017.06.05.10.00.00","294.4279",2017-06-05,21.2779
"X2017.06.06.10.00.00","293.7796",2017-06-06,20.6296
"X2017.06.07.10.00.00","293.7853",2017-06-07,20.6353
"X2017.06.08.10.00.00","287.1332",2017-06-08,13.9832
"X2017.06.09.10.00.00","287.8755",2017-06-09,14.7255
"X2017.06.10.10.00.00","289.4149",2017-06-10,16.2649
"X2017.06.11.10.00.00","292.5102",2017-06-11,19.3602
"X2017.06.12.10.00.00","292.0372",2017-06-12,18.8872
"X2017.06.13.10.00.00","293.4726",2017-06-13,20.3226
"X2017.06.14.10.00.00","293.3493",2017-06-14,20.1993000000001
"X2017.06.15.10.00.00","292.7289",2017-06-15,19.5789
"X2017.06.16.10.00.00","290.2555",2017-06-16,17.1055
"X2017.06.17.10.00.00","292.2323",2017-06-17,19.0823
"X2017.06.18.10.00.00","290.9137",2017-06-18,17.7637
"X2017.06.19.10.00.00","292.4546",2017-06-19,19.3046000000001
"X2017.06.20.10.00.00","293.0509",2017-06-20,19.9009
"X2017.06.21.10.00.00","291.8740",2017-06-21,18.724
"X2017.06.22.10.00.00","292.4496",2017-06-22,19.2996
"X2017.06.23.10.00.00","289.0210",2017-06-23,15.871
"X2017.06.24.10.00.00","289.9392",2017-06-24,16.7892000000001
"X2017.06.25.10.00.00","290.7891",2017-06-25,17.6391
"X2017.06.26.10.00.00","291.2977",2017-06-26,18.1477
"X2017.06.27.10.00.00","291.3248",2017-06-27,18.1748
"X2017.06.28.10.00.00","291.6617",2017-06-28,18.5117
"X2017.06.29.10.00.00","289.4541",2017-06-29,16.3041
"X2017.06.30.10.00.00","291.6062",2017-06-30,18.4562
"X2017.07.01.10.00.00","292.6384",2017-07-01,19.4884
"X2017.07.02.10.00.00","293.1485",2017-07-02,19.9985
"X2017.07.03.10.00.00","291.2863",2017-07-03,18.1363
"X2017.07.04.10.00.00","291.0163",2017-07-04,17.8663
"X2017.07.05.10.00.00","292.8585",2017-07-05,19.7085
"X2017.07.06.10.00.00","293.3045",2017-07-06,20.1545
"X2017.07.07.10.00.00","292.4895",2017-07-07,19.3395
"X2017.07.08.10.00.00","291.7928",2017-07-08,18.6428
"X2017.07.09.10.00.00","293.0053",2017-07-09,19.8553
"X2017.07.10.10.00.00","293.6542",2017-07-10,20.5042
"X2017.07.11.10.00.00","294.5248",2017-07-11,21.3748000000001
"X2017.07.12.10.00.00","294.9016",2017-07-12,21.7516
"X2017.07.13.10.00.00","294.6793",2017-07-13,21.5293
"X2017.07.14.10.00.00","293.5367",2017-07-14,20.3867
"X2017.07.15.10.00.00","294.1059",2017-07-15,20.9559
"X2017.07.16.10.00.00","288.9006",2017-07-16,15.7506
"X2017.07.17.10.00.00","287.2878",2017-07-17,14.1378
"X2017.07.18.10.00.00","289.5154",2017-07-18,16.3654
"X2017.07.19.10.00.00","290.8603",2017-07-19,17.7103
"X2017.07.20.10.00.00","291.3283",2017-07-20,18.1783
"X2017.07.21.10.00.00","291.2193",2017-07-21,18.0693
"X2017.07.22.10.00.00","291.8897",2017-07-22,18.7397
"X2017.07.23.10.00.00","292.2131",2017-07-23,19.0631
"X2017.07.24.10.00.00","290.2121",2017-07-24,17.0621
"X2017.07.25.10.00.00","292.3855",2017-07-25,19.2355
"X2017.07.26.10.00.00","291.4758",2017-07-26,18.3258
"X2017.07.27.10.00.00","291.1567",2017-07-27,18.0067
"X2017.07.28.10.00.00","292.8920",2017-07-28,19.742
"X2017.07.29.10.00.00","293.8722",2017-07-29,20.7222
"X2017.07.30.10.00.00","294.5768",2017-07-30,21.4268
"X2017.07.31.10.00.00","292.7673",2017-07-31,19.6173
"X2017.08.01.10.00.00","293.5502",2017-08-01,20.4002
"X2017.08.02.10.00.00","293.4477",2017-08-02,20.2977
"X2017.08.03.10.00.00","296.8692",2017-08-03,23.7192
"X2017.08.04.10.00.00","295.7045",2017-08-04,22.5545
"X2017.08.05.10.00.00","295.4786",2017-08-05,22.3286
"X2017.08.06.10.00.00","293.5588",2017-08-06,20.4088
"X2017.08.07.10.00.00","293.7241",2017-08-07,20.5741
"X2017.08.08.10.00.00","294.5077",2017-08-08,21.3577
"X2017.08.09.10.00.00","295.3846",2017-08-09,22.2346
"X2017.08.10.10.00.00","295.9559",2017-08-10,22.8059
"X2017.08.11.10.00.00","297.0487",2017-08-11,23.8987
"X2017.08.12.10.00.00","297.7461",2017-08-12,24.5961
"X2017.08.13.10.00.00","297.2033",2017-08-13,24.0533
"X2017.08.14.10.00.00","296.9084",2017-08-14,23.7584
"X2017.08.15.10.00.00","297.3073",2017-08-15,24.1573
"X2017.08.16.10.00.00","293.6386",2017-08-16,20.4886
"X2017.08.17.10.00.00","287.2835",2017-08-17,14.1335
"X2017.08.18.10.00.00","289.9435",2017-08-18,16.7935
"X2017.08.19.10.00.00","290.8375",2017-08-19,17.6875
"X2017.08.20.10.00.00","292.8172",2017-08-20,19.6672
"X2017.08.21.10.00.00","295.2378",2017-08-21,22.0878
"X2017.08.22.10.00.00","292.3677",2017-08-22,19.2177
"X2017.08.23.10.00.00","292.1953",2017-08-23,19.0453
"X2017.08.24.10.00.00","293.8494",2017-08-24,20.6994
"X2017.08.25.10.00.00","293.2489",2017-08-25,20.0989
"X2017.08.26.10.00.00","293.8544",2017-08-26,20.7044
"X2017.08.27.10.00.00","296.8535",2017-08-27,23.7035
"X2017.08.28.10.00.00","296.7602",2017-08-28,23.6102
"X2017.08.29.10.00.00","298.6067",2017-08-29,25.4567
"X2017.08.30.10.00.00","298.3281",2017-08-30,25.1781
"X2017.08.31.10.00.00","299.7393",2017-08-31,26.5893
"X2017.09.01.10.00.00","295.1381",2017-09-01,21.9881
"X2017.09.02.10.00.00","296.4232",2017-09-02,23.2732
"X2017.09.03.10.00.00","299.6389",2017-09-03,26.4889
"X2017.09.04.10.00.00","298.2291",2017-09-04,25.0791
"X2017.09.05.10.00.00","298.5803",2017-09-05,25.4303
"X2017.09.06.10.00.00","300.8606",2017-09-06,27.7106
"X2017.09.07.10.00.00","303.4579",2017-09-07,30.3079
"X2017.09.08.10.00.00","304.2572",2017-09-08,31.1072
"X2017.09.09.10.00.00","304.9411",2017-09-09,31.7911
"X2017.09.10.10.00.00","304.8613",2017-09-10,31.7113000000001
"X2017.09.11.10.00.00","306.5845",2017-09-11,33.4345
"X2017.09.12.10.00.00","305.2132",2017-09-12,32.0632
"X2017.09.13.10.00.00","304.6419",2017-09-13,31.4919
"X2017.09.14.10.00.00","307.3218",2017-09-14,34.1718
"X2017.09.15.10.00.00","305.9968",2017-09-15,32.8468
"X2017.09.16.10.00.00","303.4978",2017-09-16,30.3478
"X2017.09.17.10.00.00","302.6693",2017-09-17,29.5193
"X2017.09.18.10.00.00","302.9479",2017-09-18,29.7979
"X2017.09.19.10.00.00","304.5642",2017-09-19,31.4142000000001
"X2017.09.20.10.00.00","305.2488",2017-09-20,32.0988
"X2017.09.21.10.00.00","305.3194",2017-09-21,32.1694
"X2017.09.22.10.00.00","305.8679",2017-09-22,32.7179
"X2017.09.23.10.00.00","304.1746",2017-09-23,31.0246
"X2017.09.24.10.00.00","304.7217",2017-09-24,31.5717
"X2017.09.25.10.00.00","304.0243",2017-09-25,30.8743
"X2017.09.26.10.00.00","298.7734",2017-09-26,25.6234
"X2017.09.27.10.00.00","300.6832",2017-09-27,27.5332
"X2017.09.28.10.00.00","301.6741",2017-09-28,28.5241
"X2017.09.29.10.00.00","304.1888",2017-09-29,31.0388
"X2017.09.30.10.00.00","301.4056",2017-09-30,28.2556
"X2017.10.01.10.00.00","299.8825",2017-10-01,26.7325
"X2017.10.02.10.00.00","300.9468",2017-10-02,27.7968
"X2017.10.03.10.00.00","301.5381",2017-10-03,28.3881
"X2017.10.04.10.00.00","299.9238",2017-10-04,26.7738000000001
"X2017.10.05.10.00.00","295.9345",2017-10-05,22.7845
"X2017.10.06.10.00.00","297.8131",2017-10-06,24.6631
"X2017.10.07.10.00.00","298.2084",2017-10-07,25.0584
"X2017.10.08.10.00.00","299.6617",2017-10-08,26.5117
"X2017.10.09.10.00.00","297.5324",2017-10-09,24.3824
"X2017.10.10.10.00.00","292.0115",2017-10-10,18.8615
"X2017.10.11.10.00.00","298.4663",2017-10-11,25.3163
"X2017.10.12.10.00.00","301.1042",2017-10-12,27.9542
"X2017.10.13.10.00.00","302.6088",2017-10-13,29.4588
"X2017.10.14.10.00.00","302.5325",2017-10-14,29.3825000000001
"X2017.10.15.10.00.00","303.7536",2017-10-15,30.6036
"X2017.10.16.10.00.00","301.3407",2017-10-16,28.1907
"X2017.10.17.10.00.00","297.4106",2017-10-17,24.2606
"X2017.10.18.10.00.00","302.3566",2017-10-18,29.2066
"X2017.10.19.10.00.00","303.1053",2017-10-19,29.9553
"X2017.10.20.10.00.00","303.2000",2017-10-20,30.05
"X2017.10.21.10.00.00","305.7318",2017-10-21,32.5818
"X2017.10.22.10.00.00","305.0273",2017-10-22,31.8773
"X2017.10.23.10.00.00","300.9974",2017-10-23,27.8474000000001
"X2017.10.24.10.00.00","304.3270",2017-10-24,31.177
"X2017.10.25.10.00.00","306.3074",2017-10-25,33.1574
"X2017.10.26.10.00.00","305.2275",2017-10-26,32.0775
"X2017.10.27.10.00.00","301.1178",2017-10-27,27.9678
"X2017.10.28.10.00.00","298.6807",2017-10-28,25.5307
"X2017.10.29.10.00.00","302.8239",2017-10-29,29.6739
"X2017.10.30.10.00.00","307.0426",2017-10-30,33.8926
"X2017.10.31.10.00.00","309.5886",2017-10-31,36.4386
"X2017.11.01.10.00.00","310.3950",2017-11-01,37.245
"X2017.11.02.10.00.00","312.2650",2017-11-02,39.115
"X2017.11.03.10.00.00","310.1364",2017-11-03,36.9864
"X2017.11.04.10.00.00","313.6071",2017-11-04,40.4571
"X2017.11.05.10.00.00","313.2801",2017-11-05,40.1301
"X2017.11.06.10.00.00","313.4497",2017-11-06,40.2997
"X2017.11.07.10.00.00","311.1231",2017-11-07,37.9731
"X2017.11.08.10.00.00","309.0579",2017-11-08,35.9079
"X2017.11.09.10.00.00","308.2379",2017-11-09,35.0879
"X2017.11.10.10.00.00","307.2043",2017-11-10,34.0543
"X2017.11.11.10.00.00","310.5874",2017-11-11,37.4374
"X2017.11.12.10.00.00","310.8723",2017-11-12,37.7223
"X2017.11.13.10.00.00","311.5669",2017-11-13,38.4169
"X2017.11.14.10.00.00","308.3049",2017-11-14,35.1549
"X2017.11.15.10.00.00","303.7878",2017-11-15,30.6378
"X2017.11.16.10.00.00","291.7551",2017-11-16,18.6051
"X2017.11.17.10.00.00","299.8804",2017-11-17,26.7304
"X2017.11.18.10.00.00","303.3026",2017-11-18,30.1526
"X2017.11.19.10.00.00","306.5347",2017-11-19,33.3847
"X2017.11.20.10.00.00","307.8989",2017-11-20,34.7489
"X2017.11.21.10.00.00","310.0908",2017-11-21,36.9408
"X2017.11.22.10.00.00","306.1471",2017-11-22,32.9971
"X2017.11.23.10.00.00","309.7610",2017-11-23,36.611
"X2017.11.24.10.00.00","309.1982",2017-11-24,36.0482
"X2017.11.25.10.00.00","308.5678",2017-11-25,35.4178
"X2017.11.26.10.00.00","309.1227",2017-11-26,35.9727
"X2017.11.27.10.00.00","309.4632",2017-11-27,36.3132
"X2017.11.28.10.00.00","307.3190",2017-11-28,34.169
"X2017.11.29.10.00.00","310.4613",2017-11-29,37.3113
"X2017.11.30.10.00.00","310.6949",2017-11-30,37.5449
"X2017.12.01.10.00.00","311.0825",2017-12-01,37.9325
"X2017.12.02.10.00.00","307.5078",2017-12-02,34.3578
"X2017.12.03.10.00.00","310.3601",2017-12-03,37.2101
"X2017.12.04.10.00.00","311.8967",2017-12-04,38.7467
"X2017.12.05.10.00.00","305.9754",2017-12-05,32.8254
"X2017.12.06.10.00.00","306.4919",2017-12-06,33.3419
"X2017.12.07.10.00.00","306.5076",2017-12-07,33.3576
"X2017.12.08.10.00.00","308.0705",2017-12-08,34.9205
"X2017.12.09.10.00.00","311.2306",2017-12-09,38.0806
"X2017.12.10.10.00.00","312.1767",2017-12-10,39.0267
"X2017.12.11.10.00.00","311.4807",2017-12-11,38.3307
"X2017.12.12.10.00.00","311.7820",2017-12-12,38.632
"X2017.12.13.10.00.00","309.6342",2017-12-13,36.4842
"X2017.12.14.10.00.00","309.8216",2017-12-14,36.6716
"X2017.12.15.10.00.00","312.2707",2017-12-15,39.1207
"X2017.12.16.10.00.00","311.4016",2017-12-16,38.2516
"X2017.12.17.10.00.00","309.4931",2017-12-17,36.3431
"X2017.12.18.10.00.00","310.6308",2017-12-18,37.4808
"X2017.12.19.10.00.00","309.9776",2017-12-19,36.8276
"X2017.12.20.10.00.00","312.8285",2017-12-20,39.6785
"X2017.12.21.10.00.00","305.4112",2017-12-21,32.2612
"X2017.12.22.10.00.00","303.4358",2017-12-22,30.2858
"X2017.12.23.10.00.00","307.8732",2017-12-23,34.7232
"X2017.12.24.10.00.00","309.6919",2017-12-24,36.5419
"X2017.12.25.10.00.00","308.8955",2017-12-25,35.7455
"X2017.12.26.10.00.00","310.1264",2017-12-26,36.9764
"X2017.12.27.10.00.00","309.9804",2017-12-27,36.8304
"X2017.12.28.10.00.00","311.3624",2017-12-28,38.2124
"X2017.12.29.10.00.00","311.5939",2017-12-29,38.4439
"X2017.12.30.10.00.00","313.4454",2017-12-30,40.2954
"X2017.12.31.10.00.00","313.6299",2017-12-31,40.4799
"X2018.01.01.10.00.00","309.7902",2018-01-01,36.6402
"X2018.01.02.10.00.00","309.5594",2018-01-02,36.4094
"X2018.01.03.10.00.00","311.2442",2018-01-03,38.0942
"X2018.01.04.10.00.00","311.2905",2018-01-04,38.1405
"X2018.01.05.10.00.00","313.7688",2018-01-05,40.6188
"X2018.01.06.10.00.00","315.5718",2018-01-06,42.4218
"X2018.01.07.10.00.00","317.0058",2018-01-07,43.8558
"X2018.01.08.10.00.00","308.3441",2018-01-08,35.1941
"X2018.01.09.10.00.00","313.1804",2018-01-09,40.0304
"X2018.01.10.10.00.00","310.0068",2018-01-10,36.8568
"X2018.01.11.10.00.00","310.4955",2018-01-11,37.3455
"X2018.01.12.10.00.00","312.6133",2018-01-12,39.4633
"X2018.01.13.10.00.00","314.7013",2018-01-13,41.5513
"X2018.01.14.10.00.00","314.2668",2018-01-14,41.1168
"X2018.01.15.10.00.00","315.4500",2018-01-15,42.3
"X2018.01.16.10.00.00","312.6162",2018-01-16,39.4662
"X2018.01.17.10.00.00","312.3733",2018-01-17,39.2233
"X2018.01.18.10.00.00","312.6276",2018-01-18,39.4776
"X2018.01.19.10.00.00","311.0668",2018-01-19,37.9168
"X2018.01.20.10.00.00","311.0611",2018-01-20,37.9111
"X2018.01.21.10.00.00","308.6867",2018-01-21,35.5367
"X2018.01.22.10.00.00","304.7267",2018-01-22,31.5767
"X2018.01.23.10.00.00","303.8056",2018-01-23,30.6556
"X2018.01.24.10.00.00","306.3039",2018-01-24,33.1539
"X2018.01.25.10.00.00","307.5014",2018-01-25,34.3514
"X2018.01.26.10.00.00","307.5562",2018-01-26,34.4062
"X2018.01.27.10.00.00","304.7138",2018-01-27,31.5638
"X2018.01.28.10.00.00","304.8456",2018-01-28,31.6956
"X2018.01.29.10.00.00","303.7942",2018-01-29,30.6442
"X2018.01.30.10.00.00","304.7979",2018-01-30,31.6479
"X2018.01.31.10.00.00","303.8212",2018-01-31,30.6712
"X2018.02.01.10.00.00","303.6061",2018-02-01,30.4561
"X2018.02.02.10.00.00","306.1001",2018-02-02,32.9501
"X2018.02.03.10.00.00","307.6859",2018-02-03,34.5359
"X2018.02.04.10.00.00","308.5136",2018-02-04,35.3636
"X2018.02.05.10.00.00","309.4369",2018-02-05,36.2869
"X2018.02.06.10.00.00","310.5646",2018-02-06,37.4146
"X2018.02.07.10.00.00","306.8239",2018-02-07,33.6739
"X2018.02.08.10.00.00","304.3334",2018-02-08,31.1834
"X2018.02.09.10.00.00","306.2027",2018-02-09,33.0527
"X2018.02.10.10.00.00","305.6335",2018-02-10,32.4835
"X2018.02.11.10.00.00","303.8590",2018-02-11,30.709
"X2018.02.12.10.00.00","301.3835",2018-02-12,28.2335
"X2018.02.13.10.00.00","302.3780",2018-02-13,29.228
"X2018.02.14.10.00.00","301.7083",2018-02-14,28.5583
"X2018.02.15.10.00.00","299.9723",2018-02-15,26.8223
"X2018.02.16.10.00.00","301.0914",2018-02-16,27.9414
"X2018.02.17.10.00.00","301.9099",2018-02-17,28.7599
"X2018.02.18.10.00.00","302.6366",2018-02-18,29.4866
"X2018.02.19.10.00.00","303.0540",2018-02-19,29.904
"X2018.02.20.10.00.00","304.6832",2018-02-20,31.5332
"X2018.02.21.10.00.00","305.4953",2018-02-21,32.3453
"X2018.02.22.10.00.00","304.2187",2018-02-22,31.0687
"X2018.02.23.10.00.00","303.9081",2018-02-23,30.7581
"X2018.02.24.10.00.00","301.0430",2018-02-24,27.893
"X2018.02.25.10.00.00","301.6464",2018-02-25,28.4964000000001
"X2018.02.26.10.00.00","302.6729",2018-02-26,29.5229
"X2018.02.27.10.00.00","303.9487",2018-02-27,30.7987
"X2018.02.28.10.00.00","306.6914",2018-02-28,33.5414
"X2018.03.01.10.00.00","308.9966",2018-03-01,35.8466
"X2018.03.02.10.00.00","306.2661",2018-03-02,33.1161
"X2018.03.03.10.00.00","306.8025",2018-03-03,33.6525
"X2018.03.04.10.00.00","306.5660",2018-03-04,33.416
"X2018.03.05.10.00.00","308.0876",2018-03-05,34.9376
"X2018.03.06.10.00.00","308.1867",2018-03-06,35.0367
"X2018.03.07.10.00.00","301.6777",2018-03-07,28.5277
"X2018.03.08.10.00.00","301.2325",2018-03-08,28.0825
"X2018.03.09.10.00.00","300.8884",2018-03-09,27.7384
"X2018.03.10.10.00.00","302.3146",2018-03-10,29.1646
"X2018.03.11.10.00.00","300.5949",2018-03-11,27.4449
"X2018.03.12.10.00.00","304.1582",2018-03-12,31.0082
"X2018.03.13.10.00.00","303.2129",2018-03-13,30.0629
"X2018.03.14.10.00.00","304.5792",2018-03-14,31.4292
"X2018.03.15.10.00.00","304.1945",2018-03-15,31.0445
"X2018.03.16.10.00.00","303.6054",2018-03-16,30.4554
"X2018.03.17.10.00.00","299.1815",2018-03-17,26.0315000000001
"X2018.03.18.10.00.00","299.7457",2018-03-18,26.5957
"X2018.03.19.10.00.00","300.6733",2018-03-19,27.5233
"X2018.03.20.10.00.00","301.8202",2018-03-20,28.6702
"X2018.03.21.10.00.00","298.5988",2018-03-21,25.4488
"X2018.03.22.10.00.00","296.4054",2018-03-22,23.2554
"X2018.03.23.10.00.00","295.0662",2018-03-23,21.9162
"X2018.03.24.10.00.00","298.9842",2018-03-24,25.8342
"X2018.03.25.10.00.00","298.4492",2018-03-25,25.2992
"X2018.03.26.10.00.00","299.0612",2018-03-26,25.9112
"X2018.03.27.10.00.00","299.0982",2018-03-27,25.9482
"X2018.03.28.10.00.00","300.1475",2018-03-28,26.9975
"X2018.03.29.10.00.00","300.4581",2018-03-29,27.3081
"X2018.03.30.10.00.00","297.0038",2018-03-30,23.8538
"X2018.03.31.10.00.00","299.3482",2018-03-31,26.1982
"X2018.04.01.10.00.00","300.5386",2018-04-01,27.3886
"X2018.04.02.10.00.00","296.6042",2018-04-02,23.4542
"X2018.04.03.10.00.00","299.6275",2018-04-03,26.4775
"X2018.04.04.10.00.00","297.7817",2018-04-04,24.6317
"X2018.04.05.10.00.00","296.9468",2018-04-05,23.7968
"X2018.04.06.10.00.00","297.5502",2018-04-06,24.4002
"X2018.04.07.10.00.00","298.3459",2018-04-07,25.1959
"X2018.04.08.10.00.00","300.1511",2018-04-08,27.0011
"X2018.04.09.10.00.00","292.1504",2018-04-09,19.0004
"X2018.04.10.10.00.00","295.5898",2018-04-10,22.4398
"X2018.04.11.10.00.00","296.6134",2018-04-11,23.4634
"X2018.04.12.10.00.00","292.6213",2018-04-12,19.4713
"X2018.04.13.10.00.00","293.2931",2018-04-13,20.1431
"X2018.04.14.10.00.00","295.6560",2018-04-14,22.506
"X2018.04.15.10.00.00","297.4583",2018-04-15,24.3083
"X2018.04.16.10.00.00","294.4941",2018-04-16,21.3441
"X2018.04.17.10.00.00","293.7903",2018-04-17,20.6403
"X2018.04.18.10.00.00","295.1488",2018-04-18,21.9988
"X2018.04.19.10.00.00","295.1780",2018-04-19,22.028
"X2018.04.20.10.00.00","294.9330",2018-04-20,21.783
"X2018.04.21.10.00.00","295.3176",2018-04-21,22.1676
"X2018.04.22.10.00.00","295.7508",2018-04-22,22.6008
"X2018.04.23.10.00.00","295.5862",2018-04-23,22.4362
"X2018.04.24.10.00.00","296.2295",2018-04-24,23.0795
"X2018.04.25.10.00.00","296.5985",2018-04-25,23.4485
"X2018.04.26.10.00.00","296.2152",2018-04-26,23.0652
"X2018.04.27.10.00.00","294.9878",2018-04-27,21.8378
"X2018.04.28.10.00.00","295.9367",2018-04-28,22.7867
"X2018.04.29.10.00.00","296.8742",2018-04-29,23.7242
"X2018.04.30.10.00.00","296.5394",2018-04-30,23.3894
"X2018.05.01.10.00.00","296.0158",2018-05-01,22.8658
"X2018.05.02.10.00.00","296.0378",2018-05-02,22.8878
"X2018.05.03.10.00.00","296.1276",2018-05-03,22.9776
"X2018.05.04.10.00.00","294.7078",2018-05-04,21.5578
"X2018.05.05.10.00.00","295.1844",2018-05-05,22.0344
"X2018.05.06.10.00.00","296.6241",2018-05-06,23.4741
"X2018.05.07.10.00.00","295.1652",2018-05-07,22.0152
"X2018.05.08.10.00.00","295.8947",2018-05-08,22.7447
"X2018.05.09.10.00.00","296.5714",2018-05-09,23.4214
"X2018.05.10.10.00.00","296.6711",2018-05-10,23.5211
"X2018.05.11.10.00.00","296.5678",2018-05-11,23.4178
"X2018.05.12.10.00.00","294.4756",2018-05-12,21.3256
"X2018.05.13.10.00.00","294.1586",2018-05-13,21.0086
"X2018.05.14.10.00.00","293.9463",2018-05-14,20.7963
"X2018.05.15.10.00.00","292.7153",2018-05-15,19.5653
"X2018.05.16.10.00.00","293.7376",2018-05-16,20.5876
"X2018.05.17.10.00.00","294.5226",2018-05-17,21.3726
"X2018.05.18.10.00.00","293.2745",2018-05-18,20.1245
"X2018.05.19.10.00.00","293.2631",2018-05-19,20.1131
"X2018.05.20.10.00.00","289.3921",2018-05-20,16.2421000000001
"X2018.05.21.10.00.00","292.2865",2018-05-21,19.1365
"X2018.05.22.10.00.00","292.9005",2018-05-22,19.7505
"X2018.05.23.10.00.00","293.3928",2018-05-23,20.2428
"X2018.05.24.10.00.00","294.5732",2018-05-24,21.4232
"X2018.05.25.10.00.00","294.3346",2018-05-25,21.1846
"X2018.05.26.10.00.00","294.1337",2018-05-26,20.9837
"X2018.05.27.10.00.00","294.2270",2018-05-27,21.077
"X2018.05.28.10.00.00","294.0767",2018-05-28,20.9267
"X2018.05.29.10.00.00","291.6974",2018-05-29,18.5474
"X2018.05.30.10.00.00","290.8126",2018-05-30,17.6626
"X2018.05.31.10.00.00","289.2325",2018-05-31,16.0825
"X2018.06.01.10.00.00","289.7412",2018-06-01,16.5912
"X2018.06.02.10.00.00","289.4876",2018-06-02,16.3376
"X2018.06.03.10.00.00","290.8304",2018-06-03,17.6804
"X2018.06.04.10.00.00","288.8229",2018-06-04,15.6729
"X2018.06.05.10.00.00","289.1770",2018-06-05,16.027
"X2018.06.06.10.00.00","290.3837",2018-06-06,17.2337
"X2018.06.07.10.00.00","291.2849",2018-06-07,18.1349
"X2018.06.08.10.00.00","291.4708",2018-06-08,18.3208
"X2018.06.09.10.00.00","291.3027",2018-06-09,18.1527
"X2018.06.10.10.00.00","291.8448",2018-06-10,18.6948
"X2018.06.11.10.00.00","290.5397",2018-06-11,17.3897
"X2018.06.12.10.00.00","290.3317",2018-06-12,17.1817
"X2018.06.13.10.00.00","290.6858",2018-06-13,17.5358
"X2018.06.14.10.00.00","290.2890",2018-06-14,17.139
"X2018.06.15.10.00.00","289.8252",2018-06-15,16.6752
"X2018.06.16.10.00.00","288.9433",2018-06-16,15.7933
"X2018.06.17.10.00.00","289.1100",2018-06-17,15.96
"X2018.06.18.10.00.00","291.5513",2018-06-18,18.4013
"X2018.06.19.10.00.00","292.1583",2018-06-19,19.0083
"X2018.06.20.10.00.00","291.7707",2018-06-20,18.6207
"X2018.06.21.10.00.00","292.3342",2018-06-21,19.1842
"X2018.06.22.10.00.00","292.6548",2018-06-22,19.5048
"X2018.06.23.10.00.00","292.4795",2018-06-23,19.3295
"X2018.06.24.10.00.00","292.6149",2018-06-24,19.4649
"X2018.06.25.10.00.00","292.3378",2018-06-25,19.1878
"X2018.06.26.10.00.00","291.1980",2018-06-26,18.048
"X2018.06.27.10.00.00","290.5283",2018-06-27,17.3783
"X2018.06.28.10.00.00","291.7394",2018-06-28,18.5894
"X2018.06.29.10.00.00","291.0071",2018-06-29,17.8571
"X2018.06.30.10.00.00","291.7422",2018-06-30,18.5922
"X2018.07.01.10.00.00","291.2970",2018-07-01,18.147
"X2018.07.02.10.00.00","286.0888",2018-07-02,12.9388
"X2018.07.03.10.00.00","285.3508",2018-07-03,12.2008
"X2018.07.04.10.00.00","285.9385",2018-07-04,12.7885
"X2018.07.05.10.00.00","287.8655",2018-07-05,14.7155
"X2018.07.06.10.00.00","287.5813",2018-07-06,14.4313
"X2018.07.07.10.00.00","288.2452",2018-07-07,15.0952
"X2018.07.08.10.00.00","289.3031",2018-07-08,16.1531
"X2018.07.09.10.00.00","286.8489",2018-07-09,13.6989
"X2018.07.10.10.00.00","289.5852",2018-07-10,16.4352
"X2018.07.11.10.00.00","290.6017",2018-07-11,17.4517
"X2018.07.12.10.00.00","291.0462",2018-07-12,17.8962
"X2018.07.13.10.00.00","291.1923",2018-07-13,18.0423
"X2018.07.14.10.00.00","287.3547",2018-07-14,14.2047
"X2018.07.15.10.00.00","286.0105",2018-07-15,12.8605
"X2018.07.16.10.00.00","287.2785",2018-07-16,14.1285
"X2018.07.17.10.00.00","288.1376",2018-07-17,14.9876
"X2018.07.18.10.00.00","288.4496",2018-07-18,15.2996
"X2018.07.19.10.00.00","288.9590",2018-07-19,15.809
"X2018.07.20.10.00.00","288.9219",2018-07-20,15.7719
"X2018.07.21.10.00.00","289.4705",2018-07-21,16.3205
"X2018.07.22.10.00.00","289.7276",2018-07-22,16.5776
"X2018.07.23.10.00.00","290.3652",2018-07-23,17.2152
"X2018.07.24.10.00.00","290.9073",2018-07-24,17.7573
"X2018.07.25.10.00.00","291.5000",2018-07-25,18.35
"X2018.07.26.10.00.00","291.7800",2018-07-26,18.63
"X2018.07.27.10.00.00","291.8192",2018-07-27,18.6692
"X2018.07.28.10.00.00","293.1520",2018-07-28,20.002
"X2018.07.29.10.00.00","293.9021",2018-07-29,20.7521
"X2018.07.30.10.00.00","293.7205",2018-07-30,20.5705
"X2018.07.31.10.00.00","293.8843",2018-07-31,20.7343
"X2018.08.01.10.00.00","294.2441",2018-08-01,21.0941
"X2018.08.02.10.00.00","292.5672",2018-08-02,19.4172
"X2018.08.03.10.00.00","293.0993",2018-08-03,19.9493000000001
"X2018.08.04.10.00.00","294.4165",2018-08-04,21.2665
"X2018.08.05.10.00.00","292.5928",2018-08-05,19.4428
"X2018.08.06.10.00.00","289.6528",2018-08-06,16.5028
"X2018.08.07.10.00.00","288.4653",2018-08-07,15.3153
"X2018.08.08.10.00.00","288.3677",2018-08-08,15.2177
"X2018.08.09.10.00.00","287.7893",2018-08-09,14.6393
"X2018.08.10.10.00.00","287.6112",2018-08-10,14.4612
"X2018.08.11.10.00.00","287.5570",2018-08-11,14.407
"X2018.08.12.10.00.00","290.3609",2018-08-12,17.2109
"X2018.08.13.10.00.00","293.9257",2018-08-13,20.7757
"X2018.08.14.10.00.00","294.7435",2018-08-14,21.5935
"X2018.08.15.10.00.00","296.2786",2018-08-15,23.1286
"X2018.08.16.10.00.00","295.7144",2018-08-16,22.5644
"X2018.08.17.10.00.00","291.6304",2018-08-17,18.4804
"X2018.08.18.10.00.00","290.0888",2018-08-18,16.9388
"X2018.08.19.10.00.00","292.5308",2018-08-19,19.3808
"X2018.08.20.10.00.00","296.4061",2018-08-20,23.2561
"X2018.08.21.10.00.00","295.9011",2018-08-21,22.7511
"X2018.08.22.10.00.00","294.2669",2018-08-22,21.1169
"X2018.08.23.10.00.00","295.0234",2018-08-23,21.8734
"X2018.08.24.10.00.00","294.3424",2018-08-24,21.1924
"X2018.08.25.10.00.00","296.3313",2018-08-25,23.1813
"X2018.08.26.10.00.00","292.6441",2018-08-26,19.4941
"X2018.08.27.10.00.00","289.9200",2018-08-27,16.77
"X2018.08.28.10.00.00","293.3850",2018-08-28,20.235
"X2018.08.29.10.00.00","295.7401",2018-08-29,22.5901
"X2018.08.30.10.00.00","297.3237",2018-08-30,24.1737
"X2018.08.31.10.00.00","298.4848",2018-08-31,25.3348
"X2018.09.01.10.00.00","300.3085",2018-09-01,27.1585
"X2018.09.02.10.00.00","299.5584",2018-09-02,26.4084
"X2018.09.03.10.00.00","294.7727",2018-09-03,21.6227
"X2018.09.04.10.00.00","296.8642",2018-09-04,23.7142
"X2018.09.05.10.00.00","300.4923",2018-09-05,27.3423
"X2018.09.06.10.00.00","299.5463",2018-09-06,26.3963
"X2018.09.07.10.00.00","292.7111",2018-09-07,19.5611
"X2018.09.08.10.00.00","289.2382",2018-09-08,16.0882
"X2018.09.09.10.00.00","290.1543",2018-09-09,17.0043
"X2018.09.10.10.00.00","293.3593",2018-09-10,20.2093
"X2018.09.11.10.00.00","296.2345",2018-09-11,23.0845
"X2018.09.12.10.00.00","298.2882",2018-09-12,25.1382
"X2018.09.13.10.00.00","298.2234",2018-09-13,25.0734
"X2018.09.14.10.00.00","298.5888",2018-09-14,25.4388
"X2018.09.15.10.00.00","300.8798",2018-09-15,27.7298
"X2018.09.16.10.00.00","302.5019",2018-09-16,29.3519
"X2018.09.17.10.00.00","302.1557",2018-09-17,29.0057
"X2018.09.18.10.00.00","302.1700",2018-09-18,29.02
"X2018.09.19.10.00.00","298.9593",2018-09-19,25.8093
"X2018.09.20.10.00.00","297.8323",2018-09-20,24.6823
"X2018.09.21.10.00.00","300.4546",2018-09-21,27.3046000000001
"X2018.09.22.10.00.00","300.6611",2018-09-22,27.5111
"X2018.09.23.10.00.00","302.6230",2018-09-23,29.473
"X2018.09.24.10.00.00","303.9252",2018-09-24,30.7752
"X2018.09.25.10.00.00","303.1616",2018-09-25,30.0116
"X2018.09.26.10.00.00","304.6148",2018-09-26,31.4648
"X2018.09.27.10.00.00","305.8259",2018-09-27,32.6759
"X2018.09.28.10.00.00","304.5493",2018-09-28,31.3993
"X2018.09.29.10.00.00","302.0439",2018-09-29,28.8939
"X2018.09.30.10.00.00","303.1103",2018-09-30,29.9603
"X2018.10.01.10.00.00","305.2367",2018-10-01,32.0867
"X2018.10.02.10.00.00","306.1827",2018-10-02,33.0327
"X2018.10.03.10.00.00","298.6815",2018-10-03,25.5315000000001
"X2018.10.04.10.00.00","299.1808",2018-10-04,26.0308
"X2018.10.05.10.00.00","303.0284",2018-10-05,29.8784
"X2018.10.06.10.00.00","306.7249",2018-10-06,33.5749
"X2018.10.07.10.00.00","307.7115",2018-10-07,34.5615
"X2018.10.08.10.00.00","308.0791",2018-10-08,34.9291
"X2018.10.09.10.00.00","308.5279",2018-10-09,35.3779
"X2018.10.10.10.00.00","310.5496",2018-10-10,37.3996
"X2018.10.11.10.00.00","311.1751",2018-10-11,38.0251
"X2018.10.12.10.00.00","308.6070",2018-10-12,35.4570000000001
"X2018.10.13.10.00.00","298.4542",2018-10-13,25.3042
"X2018.10.14.10.00.00","299.1417",2018-10-14,25.9917
"X2018.10.15.10.00.00","300.5828",2018-10-15,27.4328
"X2018.10.16.10.00.00","302.5055",2018-10-16,29.3555
"X2018.10.17.10.00.00","302.4307",2018-10-17,29.2807
"X2018.10.18.10.00.00","304.1525",2018-10-18,31.0025
"X2018.10.19.10.00.00","307.6054",2018-10-19,34.4554
"X2018.10.20.10.00.00","303.6317",2018-10-20,30.4817
"X2018.10.21.10.00.00","303.1651",2018-10-21,30.0151
"X2018.10.22.10.00.00","302.4136",2018-10-22,29.2636
"X2018.10.23.10.00.00","305.4939",2018-10-23,32.3439
"X2018.10.24.10.00.00","308.4331",2018-10-24,35.2831
"X2018.10.25.10.00.00","311.0041",2018-10-25,37.8541
"X2018.10.26.10.00.00","312.3070",2018-10-26,39.157
"X2018.10.27.10.00.00","310.9557",2018-10-27,37.8057
"X2018.10.28.10.00.00","312.1410",2018-10-28,38.991
"X2018.10.29.10.00.00","312.8335",2018-10-29,39.6835
"X2018.10.30.10.00.00","309.0550",2018-10-30,35.905
"X2018.10.31.10.00.00","305.9940",2018-10-31,32.8440000000001
"X2018.11.01.10.00.00","304.2707",2018-11-01,31.1207
"X2018.11.02.10.00.00","305.4989",2018-11-02,32.3489
"X2018.11.03.10.00.00","305.7717",2018-11-03,32.6217
"X2018.11.04.10.00.00","306.1827",2018-11-04,33.0327
"X2018.11.05.10.00.00","308.9624",2018-11-05,35.8124
"X2018.11.06.10.00.00","301.6001",2018-11-06,28.4501
"X2018.11.07.10.00.00","302.0823",2018-11-07,28.9323
"X2018.11.08.10.00.00","304.7559",2018-11-08,31.6059
"X2018.11.09.10.00.00","310.4755",2018-11-09,37.3255
"X2018.11.10.10.00.00","310.4577",2018-11-10,37.3077
"X2018.11.11.10.00.00","312.7074",2018-11-11,39.5574
"X2018.11.12.10.00.00","311.3325",2018-11-12,38.1825
"X2018.11.13.10.00.00","313.4618",2018-11-13,40.3118
"X2018.11.14.10.00.00","316.5777",2018-11-14,43.4277
"X2018.11.15.10.00.00","317.1355",2018-11-15,43.9855
"X2018.11.16.10.00.00","317.0137",2018-11-16,43.8637
"X2018.11.17.10.00.00","315.6723",2018-11-17,42.5223
"X2018.11.18.10.00.00","315.5811",2018-11-18,42.4311
"X2018.11.19.10.00.00","311.4835",2018-11-19,38.3335
"X2018.11.20.10.00.00","309.9291",2018-11-20,36.7791
"X2018.11.21.10.00.00","306.1721",2018-11-21,33.0221
"X2018.11.22.10.00.00","307.3902",2018-11-22,34.2402
"X2018.11.23.10.00.00","310.6864",2018-11-23,37.5364
"X2018.11.24.10.00.00","310.2547",2018-11-24,37.1047
"X2018.11.25.10.00.00","310.5311",2018-11-25,37.3811
"X2018.11.26.10.00.00","304.0492",2018-11-26,30.8992
"X2018.11.27.10.00.00","308.7031",2018-11-27,35.5531
"X2018.11.28.10.00.00","305.0864",2018-11-28,31.9364
"X2018.11.29.10.00.00","307.0127",2018-11-29,33.8627
"X2018.11.30.10.00.00","308.4965",2018-11-30,35.3465
"X2018.12.01.10.00.00","309.6036",2018-12-01,36.4536
"X2018.12.02.10.00.00","312.2322",2018-12-02,39.0822
"X2018.12.03.10.00.00","312.0762",2018-12-03,38.9262
"X2018.12.04.10.00.00","311.7706",2018-12-04,38.6206
"X2018.12.05.10.00.00","313.3214",2018-12-05,40.1714
"X2018.12.06.10.00.00","311.8846",2018-12-06,38.7346
"X2018.12.07.10.00.00","309.0123",2018-12-07,35.8623
"X2018.12.08.10.00.00","310.2675",2018-12-08,37.1175
"X2018.12.09.10.00.00","310.2319",2018-12-09,37.0819
"X2018.12.10.10.00.00","309.2346",2018-12-10,36.0846
"X2018.12.11.10.00.00","310.0816",2018-12-11,36.9316
"X2018.12.12.10.00.00","313.5337",2018-12-12,40.3837
"X2018.12.13.10.00.00","315.2221",2018-12-13,42.0721
"X2018.12.14.10.00.00","316.0128",2018-12-14,42.8628
"X2018.12.15.10.00.00","314.0210",2018-12-15,40.871
"X2018.12.16.10.00.00","313.0899",2018-12-16,39.9399
"X2018.12.17.10.00.00","312.7800",2018-12-17,39.63
"X2018.12.18.10.00.00","309.6484",2018-12-18,36.4984
"X2018.12.19.10.00.00","312.5891",2018-12-19,39.4391
"X2018.12.20.10.00.00","314.3145",2018-12-20,41.1645
"X2018.12.21.10.00.00","313.7132",2018-12-21,40.5632
"X2018.12.22.10.00.00","313.7866",2018-12-22,40.6366
"X2018.12.23.10.00.00","316.4936",2018-12-23,43.3436
"X2018.12.24.10.00.00","317.0386",2018-12-24,43.8886
"X2018.12.25.10.00.00","316.2472",2018-12-25,43.0972
"X2018.12.26.10.00.00","316.8548",2018-12-26,43.7048
"X2018.12.27.10.00.00","315.4507",2018-12-27,42.3007
"X2018.12.28.10.00.00","314.0310",2018-12-28,40.881
"X2018.12.29.10.00.00","309.6256",2018-12-29,36.4756
"X2018.12.30.10.00.00","307.4821",2018-12-30,34.3321
"X2018.12.31.10.00.00","308.1931",2018-12-31,35.0431
"X2019.01.01.10.00.00","307.9580",2019-01-01,34.808
"X2019.01.02.10.00.00","309.2110",2019-01-02,36.061
"X2019.01.03.10.00.00","306.3110",2019-01-03,33.161
"X2019.01.04.10.00.00","305.1534",2019-01-04,32.0034
"X2019.01.05.10.00.00","307.4707",2019-01-05,34.3207
"X2019.01.06.10.00.00","309.0693",2019-01-06,35.9193
"X2019.01.07.10.00.00","308.9005",2019-01-07,35.7505
"X2019.01.08.10.00.00","309.5466",2019-01-08,36.3966
"X2019.01.09.10.00.00","310.8816",2019-01-09,37.7316
"X2019.01.10.10.00.00","311.6887",2019-01-10,38.5387
"X2019.01.11.10.00.00","312.5535",2019-01-11,39.4035
"X2019.01.12.10.00.00","314.2782",2019-01-12,41.1282
"X2019.01.13.10.00.00","315.0026",2019-01-13,41.8526
"X2019.01.14.10.00.00","316.8655",2019-01-14,43.7155
"X2019.01.15.10.00.00","316.6105",2019-01-15,43.4605
"X2019.01.16.10.00.00","316.1296",2019-01-16,42.9796
"X2019.01.17.10.00.00","315.5633",2019-01-17,42.4133
"X2019.01.18.10.00.00","314.7533",2019-01-18,41.6033
"X2019.01.19.10.00.00","310.3758",2019-01-19,37.2258
"X2019.01.20.10.00.00","311.7863",2019-01-20,38.6363
"X2019.01.21.10.00.00","311.2420",2019-01-21,38.092
"X2019.01.22.10.00.00","314.0709",2019-01-22,40.9209
"X2019.01.23.10.00.00","317.3485",2019-01-23,44.1985
"X2019.01.24.10.00.00","316.8292",2019-01-24,43.6792
"X2019.01.25.10.00.00","315.3474",2019-01-25,42.1974
"X2019.01.26.10.00.00","314.8267",2019-01-26,41.6767
"X2019.01.27.10.00.00","310.1058",2019-01-27,36.9558
"X2019.01.28.10.00.00","311.3959",2019-01-28,38.2459
"X2019.01.29.10.00.00","310.1172",2019-01-29,36.9672
"X2019.01.30.10.00.00","308.9582",2019-01-30,35.8082
"X2019.01.31.10.00.00","309.6655",2019-01-31,36.5155
"X2019.02.01.10.00.00","306.4599",2019-02-01,33.3099
"X2019.02.02.10.00.00","302.5660",2019-02-02,29.416
"X2019.02.03.10.00.00","303.0775",2019-02-03,29.9275
"X2019.02.04.10.00.00","303.6246",2019-02-04,30.4746
"X2019.02.05.10.00.00","305.1569",2019-02-05,32.0069
"X2019.02.06.10.00.00","307.1266",2019-02-06,33.9766
"X2019.02.07.10.00.00","308.7366",2019-02-07,35.5866
"X2019.02.08.10.00.00","310.0160",2019-02-08,36.866
"X2019.02.09.10.00.00","305.2346",2019-02-09,32.0846
"X2019.02.10.10.00.00","305.5395",2019-02-10,32.3895
"X2019.02.11.10.00.00","306.3288",2019-02-11,33.1788
"X2019.02.12.10.00.00","304.6362",2019-02-12,31.4862
"X2019.02.13.10.00.00","303.4985",2019-02-13,30.3485
"X2019.02.14.10.00.00","303.1359",2019-02-14,29.9859
"X2019.02.15.10.00.00","296.4987",2019-02-15,23.3487
"X2019.02.16.10.00.00","301.7696",2019-02-16,28.6196
"X2019.02.17.10.00.00","303.6032",2019-02-17,30.4532
"X2019.02.18.10.00.00","304.9639",2019-02-18,31.8139
"X2019.02.19.10.00.00","304.8677",2019-02-19,31.7177
"X2019.02.20.10.00.00","306.8652",2019-02-20,33.7152
"X2019.02.21.10.00.00","309.5266",2019-02-21,36.3766
"X2019.02.22.10.00.00","308.7409",2019-02-22,35.5909
"X2019.02.23.10.00.00","309.8593",2019-02-23,36.7093
"X2019.02.24.10.00.00","311.8575",2019-02-24,38.7075
"X2019.02.25.10.00.00","311.7015",2019-02-25,38.5515
"X2019.02.26.10.00.00","310.5432",2019-02-26,37.3932
"X2019.02.27.10.00.00","309.2096",2019-02-27,36.0596
"X2019.02.28.10.00.00","309.7418",2019-02-28,36.5918
"X2019.03.01.10.00.00","312.5115",2019-03-01,39.3615
"X2019.03.02.10.00.00","312.6625",2019-03-02,39.5125
"X2019.03.03.10.00.00","312.0470",2019-03-03,38.897
"X2019.03.04.10.00.00","312.1802",2019-03-04,39.0302
"X2019.03.05.10.00.00","311.7535",2019-03-05,38.6035
"X2019.03.06.10.00.00","309.2182",2019-03-06,36.0682
"X2019.03.07.10.00.00","310.2882",2019-03-07,37.1382
"X2019.03.08.10.00.00","310.4299",2019-03-08,37.2799
"X2019.03.09.10.00.00","307.7671",2019-03-09,34.6171000000001
"X2019.03.10.10.00.00","304.4346",2019-03-10,31.2846
"X2019.03.11.10.00.00","299.5634",2019-03-11,26.4134
"X2019.03.12.10.00.00","299.9473",2019-03-12,26.7973
"X2019.03.13.10.00.00","301.9334",2019-03-13,28.7834
"X2019.03.14.10.00.00","302.2504",2019-03-14,29.1004
"X2019.03.15.10.00.00","302.4385",2019-03-15,29.2885
"X2019.03.16.10.00.00","303.7464",2019-03-16,30.5964
"X2019.03.17.10.00.00","304.3277",2019-03-17,31.1777
"X2019.03.18.10.00.00","304.9254",2019-03-18,31.7754
"X2019.03.19.10.00.00","304.9625",2019-03-19,31.8125
"X2019.03.20.10.00.00","306.0460",2019-03-20,32.896
"X2019.03.21.10.00.00","306.3423",2019-03-21,33.1923
"X2019.03.22.10.00.00","304.6732",2019-03-22,31.5232
"X2019.03.23.10.00.00","304.5621",2019-03-23,31.4121
"X2019.03.24.10.00.00","303.7315",2019-03-24,30.5815
"X2019.03.25.10.00.00","305.2011",2019-03-25,32.0511
"X2019.03.26.10.00.00","304.4731",2019-03-26,31.3231
"X2019.03.27.10.00.00","304.9347",2019-03-27,31.7847
"X2019.03.28.10.00.00","305.9883",2019-03-28,32.8383
"X2019.03.29.10.00.00","307.0461",2019-03-29,33.8961
"X2019.03.30.10.00.00","306.9407",2019-03-30,33.7907
"X2019.03.31.10.00.00","306.9065",2019-03-31,33.7565
"X2019.04.01.10.00.00","306.2597",2019-04-01,33.1097
"X2019.04.02.10.00.00","305.9890",2019-04-02,32.839
"X2019.04.03.10.00.00","303.7144",2019-04-03,30.5644
"X2019.04.04.10.00.00","301.2353",2019-04-04,28.0853
"X2019.04.05.10.00.00","298.2533",2019-04-05,25.1033
"X2019.04.06.10.00.00","296.1682",2019-04-06,23.0182
"X2019.04.07.10.00.00","298.0795",2019-04-07,24.9295
"X2019.04.08.10.00.00","295.3939",2019-04-08,22.2439
"X2019.04.09.10.00.00","298.1864",2019-04-09,25.0364
"X2019.04.10.10.00.00","298.1700",2019-04-10,25.02
"X2019.04.11.10.00.00","297.6058",2019-04-11,24.4558
"X2019.04.12.10.00.00","299.6795",2019-04-12,26.5295
"X2019.04.13.10.00.00","299.5790",2019-04-13,26.429
"X2019.04.14.10.00.00","299.1887",2019-04-14,26.0387
"X2019.04.15.10.00.00","297.3721",2019-04-15,24.2221
"X2019.04.16.10.00.00","296.7951",2019-04-16,23.6451
"X2019.04.17.10.00.00","295.7365",2019-04-17,22.5865
"X2019.04.18.10.00.00","298.1479",2019-04-18,24.9979
"X2019.04.19.10.00.00","299.6930",2019-04-19,26.543
"X2019.04.20.10.00.00","295.7928",2019-04-20,22.6428
"X2019.04.21.10.00.00","292.5294",2019-04-21,19.3794
"X2019.04.22.10.00.00","290.9600",2019-04-22,17.81
"X2019.04.23.10.00.00","291.9688",2019-04-23,18.8188
"X2019.04.24.10.00.00","293.8501",2019-04-24,20.7001
"X2019.04.25.10.00.00","294.9180",2019-04-25,21.768
"X2019.04.26.10.00.00","294.8560",2019-04-26,21.706
"X2019.04.27.10.00.00","294.2875",2019-04-27,21.1375
"X2019.04.28.10.00.00","294.6266",2019-04-28,21.4766
"X2019.04.29.10.00.00","295.3846",2019-04-29,22.2346
"X2019.04.30.10.00.00","294.8817",2019-04-30,21.7317
"X2019.05.01.10.00.00","295.1509",2019-05-01,22.0009
"X2019.05.02.10.00.00","295.0491",2019-05-02,21.8991
"X2019.05.03.10.00.00","295.7308",2019-05-03,22.5808
"X2019.05.04.10.00.00","296.6946",2019-05-04,23.5446
"X2019.05.05.10.00.00","296.0371",2019-05-05,22.8871
"X2019.05.06.10.00.00","296.7816",2019-05-06,23.6316
"X2019.05.07.10.00.00","296.1782",2019-05-07,23.0282
"X2019.05.08.10.00.00","293.1940",2019-05-08,20.044
"X2019.05.09.10.00.00","291.9310",2019-05-09,18.781
"X2019.05.10.10.00.00","291.7650",2019-05-10,18.615
"X2019.05.11.10.00.00","293.2468",2019-05-11,20.0968
"X2019.05.12.10.00.00","293.7932",2019-05-12,20.6432
"X2019.05.13.10.00.00","294.3809",2019-05-13,21.2309
"X2019.05.14.10.00.00","294.3830",2019-05-14,21.233
"X2019.05.15.10.00.00","294.9949",2019-05-15,21.8449
"X2019.05.16.10.00.00","295.4067",2019-05-16,22.2567
"X2019.05.17.10.00.00","295.5392",2019-05-17,22.3892
"X2019.05.18.10.00.00","295.3796",2019-05-18,22.2296
"X2019.05.19.10.00.00","295.4088",2019-05-19,22.2588
"X2019.05.20.10.00.00","295.3874",2019-05-20,22.2374
"X2019.05.21.10.00.00","293.9200",2019-05-21,20.77
"X2019.05.22.10.00.00","294.2697",2019-05-22,21.1197
"X2019.05.23.10.00.00","295.0932",2019-05-23,21.9432
"X2019.05.24.10.00.00","296.1255",2019-05-24,22.9755
"X2019.05.25.10.00.00","295.6012",2019-05-25,22.4512
"X2019.05.26.10.00.00","295.1780",2019-05-26,22.028
"X2019.05.27.10.00.00","293.4989",2019-05-27,20.3489
"X2019.05.28.10.00.00","293.9335",2019-05-28,20.7835
"X2019.05.29.10.00.00","292.1027",2019-05-29,18.9527
"X2019.05.30.10.00.00","293.5111",2019-05-30,20.3611
"X2019.05.31.10.00.00","293.3273",2019-05-31,20.1773
"X2019.06.01.10.00.00","293.4184",2019-06-01,20.2684
"X2019.06.02.10.00.00","293.6407",2019-06-02,20.4907
"X2019.06.03.10.00.00","293.1128",2019-06-03,19.9628
"X2019.06.04.10.00.00","294.0781",2019-06-04,20.9281
"X2019.06.05.10.00.00","293.0331",2019-06-05,19.8831
"X2019.06.06.10.00.00","291.0277",2019-06-06,17.8777
"X2019.06.07.10.00.00","290.4742",2019-06-07,17.3242
"X2019.06.08.10.00.00","291.9196",2019-06-08,18.7696
"X2019.06.09.10.00.00","290.9743",2019-06-09,17.8243000000001
"X2019.06.10.10.00.00","292.7082",2019-06-10,19.5582
"X2019.06.11.10.00.00","293.1919",2019-06-11,20.0419
"X2019.06.12.10.00.00","292.8058",2019-06-12,19.6558
"X2019.06.13.10.00.00","289.2525",2019-06-13,16.1025
"X2019.06.14.10.00.00","289.1784",2019-06-14,16.0284
"X2019.06.15.10.00.00","289.9763",2019-06-15,16.8263
"X2019.06.16.10.00.00","290.3175",2019-06-16,17.1675
"X2019.06.17.10.00.00","291.2607",2019-06-17,18.1107
"X2019.06.18.10.00.00","292.1511",2019-06-18,19.0011
"X2019.06.19.10.00.00","290.5732",2019-06-19,17.4232
"X2019.06.20.10.00.00","290.8995",2019-06-20,17.7495
"X2019.06.21.10.00.00","290.1266",2019-06-21,16.9766
"X2019.06.22.10.00.00","290.9665",2019-06-22,17.8165
"X2019.06.23.10.00.00","289.3116",2019-06-23,16.1616
"X2019.06.24.10.00.00","289.3828",2019-06-24,16.2328
"X2019.06.25.10.00.00","289.4277",2019-06-25,16.2777
"X2019.06.26.10.00.00","289.4142",2019-06-26,16.2642
"X2019.06.27.10.00.00","291.3483",2019-06-27,18.1983
"X2019.06.28.10.00.00","292.9176",2019-06-28,19.7676
"X2019.06.29.10.00.00","293.0060",2019-06-29,19.856
"X2019.06.30.10.00.00","294.0176",2019-06-30,20.8676
"X2019.07.01.10.00.00","287.2065",2019-07-01,14.0565
"X2019.07.02.10.00.00","288.4233",2019-07-02,15.2733
"X2019.07.03.10.00.00","288.8671",2019-07-03,15.7171
"X2019.07.04.10.00.00","289.5381",2019-07-04,16.3881
"X2019.07.05.10.00.00","290.0838",2019-07-05,16.9338
"X2019.07.06.10.00.00","289.7234",2019-07-06,16.5734
"X2019.07.07.10.00.00","289.3928",2019-07-07,16.2428
"X2019.07.08.10.00.00","289.9827",2019-07-08,16.8327
"X2019.07.09.10.00.00","291.6938",2019-07-09,18.5438
"X2019.07.10.10.00.00","291.9367",2019-07-10,18.7867
"X2019.07.11.10.00.00","292.3620",2019-07-11,19.212
"X2019.07.12.10.00.00","293.1150",2019-07-12,19.965
"X2019.07.13.10.00.00","292.9169",2019-07-13,19.7669
"X2019.07.14.10.00.00","292.9604",2019-07-14,19.8104
"X2019.07.15.10.00.00","293.3087",2019-07-15,20.1587
"X2019.07.16.10.00.00","292.6911",2019-07-16,19.5411
"X2019.07.17.10.00.00","292.7973",2019-07-17,19.6473
"X2019.07.18.10.00.00","293.5559",2019-07-18,20.4059
"X2019.07.19.10.00.00","292.3983",2019-07-19,19.2483
"X2019.07.20.10.00.00","288.7574",2019-07-20,15.6074
"X2019.07.21.10.00.00","287.6974",2019-07-21,14.5474
"X2019.07.22.10.00.00","289.7219",2019-07-22,16.5719
"X2019.07.23.10.00.00","291.5798",2019-07-23,18.4298
"X2019.07.24.10.00.00","289.4890",2019-07-24,16.339
"X2019.07.25.10.00.00","290.9216",2019-07-25,17.7716
"X2019.07.26.10.00.00","292.1896",2019-07-26,19.0396
"X2019.07.27.10.00.00","292.3392",2019-07-27,19.1892
"X2019.07.28.10.00.00","293.7383",2019-07-28,20.5883
"X2019.07.29.10.00.00","294.1543",2019-07-29,21.0043
"X2019.07.30.10.00.00","294.6138",2019-07-30,21.4638
"X2019.07.31.10.00.00","292.8079",2019-07-31,19.6579
"X2019.08.01.10.00.00","292.3634",2019-08-01,19.2134
"X2019.08.02.10.00.00","293.9257",2019-08-02,20.7757
"X2019.08.03.10.00.00","294.6815",2019-08-03,21.5315000000001
"X2019.08.04.10.00.00","295.9303",2019-08-04,22.7803
"X2019.08.05.10.00.00","296.1433",2019-08-05,22.9933
"X2019.08.06.10.00.00","294.6530",2019-08-06,21.503
"X2019.08.07.10.00.00","296.1654",2019-08-07,23.0154
"X2019.08.08.10.00.00","294.3616",2019-08-08,21.2116
"X2019.08.09.10.00.00","292.1547",2019-08-09,19.0047
"X2019.08.10.10.00.00","293.2496",2019-08-10,20.0996
"X2019.08.11.10.00.00","293.9955",2019-08-11,20.8455
"X2019.08.12.10.00.00","294.0489",2019-08-12,20.8989
"X2019.08.13.10.00.00","295.3212",2019-08-13,22.1712
"X2019.08.14.10.00.00","295.2834",2019-08-14,22.1334
"X2019.08.15.10.00.00","295.6026",2019-08-15,22.4526
"X2019.08.16.10.00.00","298.3958",2019-08-16,25.2458
"X2019.08.17.10.00.00","300.3377",2019-08-17,27.1877
"X2019.08.18.10.00.00","298.2270",2019-08-18,25.077
"X2019.08.19.10.00.00","298.4685",2019-08-19,25.3185
"X2019.08.20.10.00.00","295.6567",2019-08-20,22.5067
"X2019.08.21.10.00.00","295.8733",2019-08-21,22.7233
"X2019.08.22.10.00.00","298.6466",2019-08-22,25.4966
"X2019.08.23.10.00.00","299.4857",2019-08-23,26.3357
"X2019.08.24.10.00.00","298.9144",2019-08-24,25.7644
"X2019.08.25.10.00.00","299.5313",2019-08-25,26.3813
"X2019.08.26.10.00.00","299.9352",2019-08-26,26.7852
"X2019.08.27.10.00.00","300.0962",2019-08-27,26.9462
"X2019.08.28.10.00.00","298.3994",2019-08-28,25.2494
"X2019.08.29.10.00.00","298.2056",2019-08-29,25.0556
"X2019.08.30.10.00.00","298.7285",2019-08-30,25.5785
"X2019.08.31.10.00.00","293.4854",2019-08-31,20.3354
"X2019.09.01.10.00.00","295.9573",2019-09-01,22.8073
"X2019.09.02.10.00.00","298.9315",2019-09-02,25.7815000000001
"X2019.09.03.10.00.00","299.5228",2019-09-03,26.3728
"X2019.09.04.10.00.00","300.9454",2019-09-04,27.7954
"X2019.09.05.10.00.00","298.4663",2019-09-05,25.3163
"X2019.09.06.10.00.00","298.7484",2019-09-06,25.5984
"X2019.09.07.10.00.00","298.6758",2019-09-07,25.5258
"X2019.09.08.10.00.00","299.9502",2019-09-08,26.8002
"X2019.09.09.10.00.00","301.1598",2019-09-09,28.0098
"X2019.09.10.10.00.00","303.0284",2019-09-10,29.8784
"X2019.09.11.10.00.00","304.4681",2019-09-11,31.3181
"X2019.09.12.10.00.00","302.5803",2019-09-12,29.4303
"X2019.09.13.10.00.00","299.7158",2019-09-13,26.5658
"X2019.09.14.10.00.00","301.0629",2019-09-14,27.9129
"X2019.09.15.10.00.00","303.2991",2019-09-15,30.1491
"X2019.09.16.10.00.00","304.4788",2019-09-16,31.3288
"X2019.09.17.10.00.00","305.8479",2019-09-17,32.6979
"X2019.09.18.10.00.00","307.7165",2019-09-18,34.5665
"X2019.09.19.10.00.00","307.4230",2019-09-19,34.273
"X2019.09.20.10.00.00","306.7790",2019-09-20,33.629
"X2019.09.21.10.00.00","305.8551",2019-09-21,32.7051
"X2019.09.22.10.00.00","304.4104",2019-09-22,31.2604
"X2019.09.23.10.00.00","298.3210",2019-09-23,25.171
"X2019.09.24.10.00.00","301.5167",2019-09-24,28.3667
"X2019.09.25.10.00.00","300.0122",2019-09-25,26.8622
"X2019.09.26.10.00.00","300.3805",2019-09-26,27.2305
"X2019.09.27.10.00.00","304.0734",2019-09-27,30.9234
"X2019.09.28.10.00.00","305.4241",2019-09-28,32.2741
"X2019.09.29.10.00.00","303.3382",2019-09-29,30.1882
"X2019.09.30.10.00.00","297.3800",2019-09-30,24.23
"X2019.10.01.10.00.00","299.4565",2019-10-01,26.3065
"X2019.10.02.10.00.00","299.7607",2019-10-02,26.6107
"X2019.10.03.10.00.00","302.2177",2019-10-03,29.0677
"X2019.10.04.10.00.00","305.4554",2019-10-04,32.3054
"X2019.10.05.10.00.00","306.8210",2019-10-05,33.671
"X2019.10.06.10.00.00","307.4059",2019-10-06,34.2559
"X2019.10.07.10.00.00","305.5929",2019-10-07,32.4429
"X2019.10.08.10.00.00","305.5195",2019-10-08,32.3695
"X2019.10.09.10.00.00","307.9957",2019-10-09,34.8457
"X2019.10.10.10.00.00","303.2157",2019-10-10,30.0657
"X2019.10.11.10.00.00","303.8761",2019-10-11,30.7261
"X2019.10.12.10.00.00","306.4784",2019-10-12,33.3284
"X2019.10.13.10.00.00","309.3578",2019-10-13,36.2078
"X2019.10.14.10.00.00","310.1777",2019-10-14,37.0277
"X2019.10.15.10.00.00","309.8023",2019-10-15,36.6523
"X2019.10.16.10.00.00","310.8089",2019-10-16,37.6589
"X2019.10.17.10.00.00","310.6700",2019-10-17,37.52
"X2019.10.18.10.00.00","313.3528",2019-10-18,40.2028
"X2019.10.19.10.00.00","312.7679",2019-10-19,39.6179
"X2019.10.20.10.00.00","313.0643",2019-10-20,39.9143
"X2019.10.21.10.00.00","307.8454",2019-10-21,34.6954
"X2019.10.22.10.00.00","309.5487",2019-10-22,36.3987
"X2019.10.23.10.00.00","306.7947",2019-10-23,33.6447
"X2019.10.24.10.00.00","309.4383",2019-10-24,36.2883
"X2019.10.25.10.00.00","310.6037",2019-10-25,37.4537
"X2019.10.26.10.00.00","310.4171",2019-10-26,37.2671
"X2019.10.27.10.00.00","310.6493",2019-10-27,37.4993
"X2019.10.28.10.00.00","303.7272",2019-10-28,30.5772
"X2019.10.29.10.00.00","302.7748",2019-10-29,29.6248000000001
"X2019.10.30.10.00.00","305.3044",2019-10-30,32.1544
"X2019.10.31.10.00.00","307.3703",2019-10-31,34.2203
"X2019.11.01.10.00.00","308.8520",2019-11-01,35.702
"X2019.11.02.10.00.00","307.6538",2019-11-02,34.5038
"X2019.11.03.10.00.00","311.8404",2019-11-03,38.6904
"X2019.11.04.10.00.00","313.8735",2019-11-04,40.7235
"X2019.11.05.10.00.00","311.2741",2019-11-05,38.1241
"X2019.11.06.10.00.00","310.1193",2019-11-06,36.9693
"X2019.11.07.10.00.00","309.6826",2019-11-07,36.5326
"X2019.11.08.10.00.00","309.5679",2019-11-08,36.4179
"X2019.11.09.10.00.00","310.9336",2019-11-09,37.7836
"X2019.11.10.10.00.00","309.1797",2019-11-10,36.0297
"X2019.11.11.10.00.00","310.5817",2019-11-11,37.4317
"X2019.11.12.10.00.00","307.3710",2019-11-12,34.221
"X2019.11.13.10.00.00","307.7749",2019-11-13,34.6249
"X2019.11.14.10.00.00","306.3031",2019-11-14,33.1531
"X2019.11.15.10.00.00","308.4887",2019-11-15,35.3387
"X2019.11.16.10.00.00","312.4431",2019-11-16,39.2931
"X2019.11.17.10.00.00","310.7548",2019-11-17,37.6048
"X2019.11.18.10.00.00","312.0677",2019-11-18,38.9177
"X2019.11.19.10.00.00","311.8946",2019-11-19,38.7446
"X2019.11.20.10.00.00","309.8992",2019-11-20,36.7492
"X2019.11.21.10.00.00","306.1115",2019-11-21,32.9615
"X2019.11.22.10.00.00","308.4759",2019-11-22,35.3259
"X2019.11.23.10.00.00","310.4370",2019-11-23,37.287
"X2019.11.24.10.00.00","311.7250",2019-11-24,38.575
"X2019.11.25.10.00.00","312.9802",2019-11-25,39.8302
"X2019.11.26.10.00.00","314.9934",2019-11-26,41.8434
"X2019.11.27.10.00.00","314.6507",2019-11-27,41.5007
"X2019.11.28.10.00.00","315.0995",2019-11-28,41.9495
"X2019.11.29.10.00.00","314.0965",2019-11-29,40.9465
"X2019.11.30.10.00.00","313.8137",2019-11-30,40.6637
"X2019.12.01.10.00.00","313.7218",2019-12-01,40.5718
"X2019.12.02.10.00.00","313.3770",2019-12-02,40.227
"X2019.12.03.10.00.00","304.2935",2019-12-03,31.1435
"X2019.12.04.10.00.00","302.3936",2019-12-04,29.2436
"X2019.12.05.10.00.00","295.2863",2019-12-05,22.1363
"X2019.12.06.10.00.00","297.1477",2019-12-06,23.9977
"X2019.12.07.10.00.00","301.8188",2019-12-07,28.6688
"X2019.12.08.10.00.00","305.6299",2019-12-08,32.4799
"X2019.12.09.10.00.00","305.5815",2019-12-09,32.4315
"X2019.12.10.10.00.00","300.4325",2019-12-10,27.2825
"X2019.12.11.10.00.00","300.2757",2019-12-11,27.1257
"X2019.12.12.10.00.00","303.0932",2019-12-12,29.9432
"X2019.12.13.10.00.00","304.5365",2019-12-13,31.3865
"X2019.12.14.10.00.00","306.3972",2019-12-14,33.2472
"X2019.12.15.10.00.00","303.7322",2019-12-15,30.5822
"X2019.12.16.10.00.00","307.0120",2019-12-16,33.862
"X2019.12.17.10.00.00","310.2212",2019-12-17,37.0712
"X2019.12.18.10.00.00","307.3218",2019-12-18,34.1718
"X2019.12.19.10.00.00","311.1537",2019-12-19,38.0037
"X2019.12.20.10.00.00","313.4889",2019-12-20,40.3389
"X2019.12.21.10.00.00","314.2433",2019-12-21,41.0933
"X2019.12.22.10.00.00","307.1544",2019-12-22,34.0044
"X2019.12.23.10.00.00","307.6623",2019-12-23,34.5123
"X2019.12.24.10.00.00","307.7521",2019-12-24,34.6021
"X2019.12.25.10.00.00","307.9993",2019-12-25,34.8493
"X2019.12.26.10.00.00","307.9074",2019-12-26,34.7574
"X2019.12.27.10.00.00","306.1906",2019-12-27,33.0406
"X2019.12.28.10.00.00","308.1161",2019-12-28,34.9661
"X2019.12.29.10.00.00","298.9913",2019-12-29,25.8413
"X2019.12.30.10.00.00","305.6235",2019-12-30,32.4735
"X2019.12.31.10.00.00","306.7441",2019-12-31,33.5941
"X2020.01.01.10.00.00","307.9366",2020-01-01,34.7866
"X2020.01.02.10.00.00","308.7181",2020-01-02,35.5681
"X2020.01.03.10.00.00","309.9840",2020-01-03,36.834
"X2020.01.04.10.00.00","309.4504",2020-01-04,36.3004
"X2020.01.05.10.00.00","308.5777",2020-01-05,35.4277
"X2020.01.06.10.00.00","310.1528",2020-01-06,37.0028
"X2020.01.07.10.00.00","300.3149",2020-01-07,27.1649
"X2020.01.08.10.00.00","296.8307",2020-01-08,23.6807
"X2020.01.09.10.00.00","302.8203",2020-01-09,29.6703
"X2020.01.10.10.00.00","303.8782",2020-01-10,30.7282
"X2020.01.11.10.00.00","301.8636",2020-01-11,28.7136
"X2020.01.12.10.00.00","304.6020",2020-01-12,31.452
"X2020.01.13.10.00.00","305.6385",2020-01-13,32.4885
"X2020.01.14.10.00.00","305.5395",2020-01-14,32.3895
"X2020.01.15.10.00.00","308.3669",2020-01-15,35.2169
"X2020.01.16.10.00.00","310.3594",2020-01-16,37.2094
"X2020.01.17.10.00.00","310.8979",2020-01-17,37.7479
"X2020.01.18.10.00.00","308.7950",2020-01-18,35.645
"X2020.01.19.10.00.00","308.5457",2020-01-19,35.3957
"X2020.01.20.10.00.00","308.5393",2020-01-20,35.3893
"X2020.01.21.10.00.00","309.2039",2020-01-21,36.0539
"X2020.01.22.10.00.00","311.2449",2020-01-22,38.0949
"X2020.01.23.10.00.00","311.2256",2020-01-23,38.0756
"X2020.01.24.10.00.00","306.1450",2020-01-24,32.995
"X2020.01.25.10.00.00","305.1277",2020-01-25,31.9777
"X2020.01.26.10.00.00","306.1635",2020-01-26,33.0135
"X2020.01.27.10.00.00","304.5051",2020-01-27,31.3551
"X2020.01.28.10.00.00","308.0292",2020-01-28,34.8792
"X2020.01.29.10.00.00","310.3038",2020-01-29,37.1538
"X2020.01.30.10.00.00","311.5626",2020-01-30,38.4126
"X2020.01.31.10.00.00","311.8974",2020-01-31,38.7474
"X2020.02.01.10.00.00","312.8071",2020-02-01,39.6571
"X2020.02.02.10.00.00","308.9945",2020-02-02,35.8445
"X2020.02.03.10.00.00","311.1387",2020-02-03,37.9887
"X2020.02.04.10.00.00","311.0597",2020-02-04,37.9097
"X2020.02.05.10.00.00","310.7989",2020-02-05,37.6489
"X2020.02.06.10.00.00","309.5316",2020-02-06,36.3816
"X2020.02.07.10.00.00","307.2898",2020-02-07,34.1398
"X2020.02.08.10.00.00","300.3883",2020-02-08,27.2383
"X2020.02.09.10.00.00","303.3853",2020-02-09,30.2353
"X2020.02.10.10.00.00","303.7386",2020-02-10,30.5886
"X2020.02.11.10.00.00","301.7190",2020-02-11,28.569
"X2020.02.12.10.00.00","303.6809",2020-02-12,30.5309
"X2020.02.13.10.00.00","304.3163",2020-02-13,31.1663
"X2020.02.14.10.00.00","306.6137",2020-02-14,33.4637
"X2020.02.15.10.00.00","307.2741",2020-02-15,34.1241
"X2020.02.16.10.00.00","306.3252",2020-02-16,33.1752
"X2020.02.17.10.00.00","307.7379",2020-02-17,34.5879
"X2020.02.18.10.00.00","297.2496",2020-02-18,24.0996
"X2020.02.19.10.00.00","299.4038",2020-02-19,26.2538
"X2020.02.20.10.00.00","301.6521",2020-02-20,28.5021
"X2020.02.21.10.00.00","303.1388",2020-02-21,29.9888
"X2020.02.22.10.00.00","302.4143",2020-02-22,29.2643
"X2020.02.23.10.00.00","300.8449",2020-02-23,27.6949
"X2020.02.24.10.00.00","300.7267",2020-02-24,27.5767
"X2020.02.25.10.00.00","302.3765",2020-02-25,29.2265
"X2020.02.26.10.00.00","302.6480",2020-02-26,29.498
"X2020.02.27.10.00.00","298.0581",2020-02-27,24.9081
"X2020.02.28.10.00.00","300.8036",2020-02-28,27.6536
"X2020.02.29.10.00.00","297.1513",2020-02-29,24.0013
"X2020.03.01.10.00.00","296.7637",2020-03-01,23.6137
"X2020.03.02.10.00.00","299.1067",2020-03-02,25.9567
"X2020.03.03.10.00.00","299.8405",2020-03-03,26.6905
"X2020.03.04.10.00.00","300.7979",2020-03-04,27.6479
"X2020.03.05.10.00.00","302.6202",2020-03-05,29.4702
"X2020.03.06.10.00.00","302.5596",2020-03-06,29.4096
"X2020.03.07.10.00.00","302.6209",2020-03-07,29.4709
"X2020.03.08.10.00.00","303.2699",2020-03-08,30.1199
"X2020.03.09.10.00.00","305.1056",2020-03-09,31.9556
"X2020.03.10.10.00.00","304.0285",2020-03-10,30.8785
"X2020.03.11.10.00.00","302.1764",2020-03-11,29.0264
"X2020.03.12.10.00.00","300.3156",2020-03-12,27.1656
"X2020.03.13.10.00.00","300.6790",2020-03-13,27.529
"X2020.03.14.10.00.00","300.4225",2020-03-14,27.2725
"X2020.03.15.10.00.00","301.0351",2020-03-15,27.8851
"X2020.03.16.10.00.00","300.9874",2020-03-16,27.8374
"X2020.03.17.10.00.00","298.3773",2020-03-17,25.2273
"X2020.03.18.10.00.00","298.8254",2020-03-18,25.6754
"X2020.03.19.10.00.00","300.3513",2020-03-19,27.2013
"X2020.03.20.10.00.00","301.2610",2020-03-20,28.111
"X2020.03.21.10.00.00","301.5110",2020-03-21,28.361
"X2020.03.22.10.00.00","298.8902",2020-03-22,25.7402
"X2020.03.23.10.00.00","299.8013",2020-03-23,26.6513
"X2020.03.24.10.00.00","301.9163",2020-03-24,28.7663
"X2020.03.25.10.00.00","302.3082",2020-03-25,29.1582
"X2020.03.26.10.00.00","301.4754",2020-03-26,28.3254
"X2020.03.27.10.00.00","301.0736",2020-03-27,27.9236
"X2020.03.28.10.00.00","300.6854",2020-03-28,27.5354
"X2020.03.29.10.00.00","302.5090",2020-03-29,29.359
"X2020.03.30.10.00.00","301.5651",2020-03-30,28.4151
"X2020.03.31.10.00.00","294.7036",2020-03-31,21.5536
"X2020.04.01.10.00.00","297.7668",2020-04-01,24.6168
"X2020.04.02.10.00.00","295.7508",2020-04-02,22.6008
"X2020.04.03.10.00.00","296.0086",2020-04-03,22.8586
"X2020.04.04.10.00.00","296.0086",2020-04-04,22.8586
"X2020.04.05.10.00.00","297.5723",2020-04-05,24.4223
"X2020.04.06.10.00.00","298.6109",2020-04-06,25.4609
"X2020.04.07.10.00.00","295.0455",2020-04-07,21.8955
"X2020.04.08.10.00.00","295.1438",2020-04-08,21.9938
"X2020.04.09.10.00.00","295.7828",2020-04-09,22.6328
"X2020.04.10.10.00.00","296.7830",2020-04-10,23.633
"X2020.04.11.10.00.00","297.4718",2020-04-11,24.3218
"X2020.04.12.10.00.00","297.9691",2020-04-12,24.8191
"X2020.04.13.10.00.00","298.0759",2020-04-13,24.9259
"X2020.04.14.10.00.00","295.4017",2020-04-14,22.2517
"X2020.04.15.10.00.00","294.1301",2020-04-15,20.9801
"X2020.04.16.10.00.00","294.6551",2020-04-16,21.5051
"X2020.04.17.10.00.00","293.9043",2020-04-17,20.7543
"X2020.04.18.10.00.00","295.5876",2020-04-18,22.4376
"X2020.04.19.10.00.00","297.3109",2020-04-19,24.1609
"X2020.04.20.10.00.00","298.6337",2020-04-20,25.4837
"X2020.04.21.10.00.00","299.1032",2020-04-21,25.9532
"X2020.04.22.10.00.00","299.0241",2020-04-22,25.8741
"X2020.04.23.10.00.00","299.0426",2020-04-23,25.8926
"X2020.04.24.10.00.00","296.9062",2020-04-24,23.7562
"X2020.04.25.10.00.00","296.4532",2020-04-25,23.3032
"X2020.04.26.10.00.00","296.6327",2020-04-26,23.4827
"X2020.04.27.10.00.00","294.1771",2020-04-27,21.0271
"X2020.04.28.10.00.00","291.4088",2020-04-28,18.2588
"X2020.04.29.10.00.00","292.9184",2020-04-29,19.7684
"X2020.04.30.10.00.00","293.4526",2020-04-30,20.3026
"X2020.05.01.10.00.00","294.2583",2020-05-01,21.1083
"X2020.05.02.10.00.00","294.2512",2020-05-02,21.1012
"X2020.05.03.10.00.00","295.3533",2020-05-03,22.2033
"X2020.05.04.10.00.00","295.7158",2020-05-04,22.5658
"X2020.05.05.10.00.00","295.8626",2020-05-05,22.7126
"X2020.05.06.10.00.00","295.0605",2020-05-06,21.9105
"X2020.05.07.10.00.00","295.0605",2020-05-07,21.9105
"X2020.05.08.10.00.00","294.8902",2020-05-08,21.7402
"X2020.05.09.10.00.00","295.4865",2020-05-09,22.3365
"X2020.05.10.10.00.00","295.3226",2020-05-10,22.1726
"X2020.05.11.10.00.00","296.0364",2020-05-11,22.8864
"X2020.05.12.10.00.00","296.2815",2020-05-12,23.1315
"X2020.05.13.10.00.00","295.0077",2020-05-13,21.8577
"X2020.05.14.10.00.00","293.4598",2020-05-14,20.3098
"X2020.05.15.10.00.00","294.0389",2020-05-15,20.8889
"X2020.05.16.10.00.00","293.6037",2020-05-16,20.4537
"X2020.05.17.10.00.00","294.1465",2020-05-17,20.9965
"X2020.05.18.10.00.00","295.2186",2020-05-18,22.0686
"X2020.05.19.10.00.00","294.4991",2020-05-19,21.3491
"X2020.05.20.10.00.00","295.4922",2020-05-20,22.3422
"X2020.05.21.10.00.00","294.6423",2020-05-21,21.4923
"X2020.05.22.10.00.00","295.7728",2020-05-22,22.6228
"X2020.05.23.10.00.00","295.7728",2020-05-23,22.6228
"X2020.05.24.10.00.00","294.6188",2020-05-24,21.4688
"X2020.05.25.10.00.00","294.1173",2020-05-25,20.9673
"X2020.05.26.10.00.00","287.6810",2020-05-26,14.531
"X2020.05.27.10.00.00","288.3122",2020-05-27,15.1622
"X2020.05.28.10.00.00","289.0217",2020-05-28,15.8717
"X2020.05.29.10.00.00","291.7344",2020-05-29,18.5844
"X2020.05.30.10.00.00","292.6883",2020-05-30,19.5383
"X2020.05.31.10.00.00","293.4911",2020-05-31,20.3411
"X2020.06.01.10.00.00","294.2113",2020-06-01,21.0613
"X2020.06.02.10.00.00","293.9506",2020-06-02,20.8006
"X2020.06.03.10.00.00","293.9007",2020-06-03,20.7507
"X2020.06.04.10.00.00","293.3273",2020-06-04,20.1773
"X2020.06.05.10.00.00","293.4569",2020-06-05,20.3069
"X2020.06.06.10.00.00","293.4256",2020-06-06,20.2756
"X2020.06.07.10.00.00","292.8614",2020-06-07,19.7114
"X2020.06.08.10.00.00","293.1677",2020-06-08,20.0177
"X2020.06.09.10.00.00","292.0058",2020-06-09,18.8558
"X2020.06.10.10.00.00","292.4596",2020-06-10,19.3096
"X2020.06.11.10.00.00","287.7693",2020-06-11,14.6193
"X2020.06.12.10.00.00","285.5225",2020-06-12,12.3725
"X2020.06.13.10.00.00","285.9350",2020-06-13,12.785
"X2020.06.14.10.00.00","286.0753",2020-06-14,12.9253
"X2020.06.15.10.00.00","287.3996",2020-06-15,14.2496
"X2020.06.16.10.00.00","286.6153",2020-06-16,13.4653
"X2020.06.17.10.00.00","285.8723",2020-06-17,12.7223
"X2020.06.18.10.00.00","287.5670",2020-06-18,14.417
"X2020.06.19.10.00.00","288.6327",2020-06-19,15.4827
"X2020.06.20.10.00.00","289.5032",2020-06-20,16.3532
"X2020.06.21.10.00.00","290.7592",2020-06-21,17.6092
"X2020.06.22.10.00.00","290.5832",2020-06-22,17.4332
"X2020.06.23.10.00.00","290.8211",2020-06-23,17.6711
"X2020.06.24.10.00.00","290.9536",2020-06-24,17.8036
"X2020.06.25.10.00.00","290.4885",2020-06-25,17.3385
"X2020.06.26.10.00.00","290.1358",2020-06-26,16.9858
"X2020.06.27.10.00.00","289.0537",2020-06-27,15.9037
"X2020.06.28.10.00.00","287.2885",2020-06-28,14.1385
"X2020.06.29.10.00.00","289.0188",2020-06-29,15.8688
"X2020.06.30.10.00.00","289.0146",2020-06-30,15.8646
"X2020.07.01.10.00.00","289.2860",2020-07-01,16.136
"X2020.07.02.10.00.00","290.9985",2020-07-02,17.8485
"X2020.07.03.10.00.00","291.7615",2020-07-03,18.6115
"X2020.07.04.10.00.00","290.7150",2020-07-04,17.565
"X2020.07.05.10.00.00","291.4715",2020-07-05,18.3215
"X2020.07.06.10.00.00","290.6274",2020-07-06,17.4774
"X2020.07.07.10.00.00","291.8156",2020-07-07,18.6656
"X2020.07.08.10.00.00","289.6664",2020-07-08,16.5164
"X2020.07.09.10.00.00","290.8382",2020-07-09,17.6882
"X2020.07.10.10.00.00","292.6712",2020-07-10,19.5212
"X2020.07.11.10.00.00","285.5047",2020-07-11,12.3547
"X2020.07.12.10.00.00","286.6637",2020-07-12,13.5137
"X2020.07.13.10.00.00","289.0844",2020-07-13,15.9344
"X2020.07.14.10.00.00","284.3998",2020-07-14,11.2498000000001
"X2020.07.15.10.00.00","285.3522",2020-07-15,12.2022
"X2020.07.16.10.00.00","286.0938",2020-07-16,12.9438
"X2020.07.17.10.00.00","287.6696",2020-07-17,14.5196
"X2020.07.18.10.00.00","289.5873",2020-07-18,16.4373000000001
"X2020.07.19.10.00.00","290.3196",2020-07-19,17.1696
"X2020.07.20.10.00.00","290.3659",2020-07-20,17.2159
"X2020.07.21.10.00.00","291.2215",2020-07-21,18.0715
"X2020.07.22.10.00.00","291.5656",2020-07-22,18.4156
"X2020.07.23.10.00.00","290.8610",2020-07-23,17.711
"X2020.07.24.10.00.00","290.4272",2020-07-24,17.2772000000001
"X2020.07.25.10.00.00","290.6409",2020-07-25,17.4909
"X2020.07.26.10.00.00","291.9773",2020-07-26,18.8273
"X2020.07.27.10.00.00","289.8815",2020-07-27,16.7315
"X2020.07.28.10.00.00","290.4728",2020-07-28,17.3228
"X2020.07.29.10.00.00","292.0692",2020-07-29,18.9192
"X2020.07.30.10.00.00","293.2717",2020-07-30,20.1217
"X2020.07.31.10.00.00","293.2753",2020-07-31,20.1253
"X2020.08.01.10.00.00","293.2019",2020-08-01,20.0519
"X2020.08.02.10.00.00","293.5410",2020-08-02,20.391
"X2020.08.03.10.00.00","294.4542",2020-08-03,21.3042
"X2020.08.04.10.00.00","293.8095",2020-08-04,20.6595
"X2020.08.05.10.00.00","294.0218",2020-08-05,20.8718
"X2020.08.06.10.00.00","290.8019",2020-08-06,17.6519
"X2020.08.07.10.00.00","289.2845",2020-08-07,16.1345
"X2020.08.08.10.00.00","291.9759",2020-08-08,18.8259
"X2020.08.09.10.00.00","293.5296",2020-08-09,20.3796
"X2020.08.10.10.00.00","292.1917",2020-08-10,19.0417
"X2020.08.11.10.00.00","293.1634",2020-08-11,20.0134
"X2020.08.12.10.00.00","292.9483",2020-08-12,19.7983
"X2020.08.13.10.00.00","291.1823",2020-08-13,18.0323
"X2020.08.14.10.00.00","292.7937",2020-08-14,19.6437
"X2020.08.15.10.00.00","294.9785",2020-08-15,21.8285
"X2020.08.16.10.00.00","289.4128",2020-08-16,16.2628
"X2020.08.17.10.00.00","290.7050",2020-08-17,17.555
"X2020.08.18.10.00.00","287.0285",2020-08-18,13.8785
"X2020.08.19.10.00.00","287.1667",2020-08-19,14.0167
"X2020.08.20.10.00.00","291.3283",2020-08-20,18.1783
"X2020.08.21.10.00.00","292.4389",2020-08-21,19.2889
"X2020.08.22.10.00.00","293.4811",2020-08-22,20.3311
"X2020.08.23.10.00.00","296.2394",2020-08-23,23.0894
"X2020.08.24.10.00.00","297.0736",2020-08-24,23.9236
"X2020.08.25.10.00.00","298.5497",2020-08-25,25.3997
"X2020.08.26.10.00.00","298.3196",2020-08-26,25.1696
"X2020.08.27.10.00.00","297.9840",2020-08-27,24.834
"X2020.08.28.10.00.00","295.8427",2020-08-28,22.6927
"X2020.08.29.10.00.00","292.4090",2020-08-29,19.259
"X2020.08.30.10.00.00","290.7898",2020-08-30,17.6398
"X2020.08.31.10.00.00","292.6284",2020-08-31,19.4784
"X2020.09.01.10.00.00","290.3118",2020-09-01,17.1618
"X2020.09.02.10.00.00","289.8844",2020-09-02,16.7344000000001
"X2020.09.03.10.00.00","296.6590",2020-09-03,23.509
"X2020.09.04.10.00.00","300.1618",2020-09-04,27.0118000000001
"X2020.09.05.10.00.00","300.9760",2020-09-05,27.826
"X2020.09.06.10.00.00","300.0556",2020-09-06,26.9056
"X2020.09.07.10.00.00","300.4774",2020-09-07,27.3274
"X2020.09.08.10.00.00","302.5475",2020-09-08,29.3975
"X2020.09.09.10.00.00","303.9281",2020-09-09,30.7781
"X2020.09.10.10.00.00","304.0171",2020-09-10,30.8671000000001
"X2020.09.11.10.00.00","302.9158",2020-09-11,29.7658
"X2020.09.12.10.00.00","302.5846",2020-09-12,29.4346
"X2020.09.13.10.00.00","301.0779",2020-09-13,27.9279
"X2020.09.14.10.00.00","301.6449",2020-09-14,28.4949
"X2020.09.15.10.00.00","300.2943",2020-09-15,27.1443
"X2020.09.16.10.00.00","301.5188",2020-09-16,28.3688
"X2020.09.17.10.00.00","301.3315",2020-09-17,28.1815
"X2020.09.18.10.00.00","302.4150",2020-09-18,29.265
"X2020.09.19.10.00.00","303.5584",2020-09-19,30.4084
"X2020.09.20.10.00.00","305.4440",2020-09-20,32.294
"X2020.09.21.10.00.00","300.4353",2020-09-21,27.2853
"X2020.09.22.10.00.00","299.7108",2020-09-22,26.5608
"X2020.09.23.10.00.00","302.4791",2020-09-23,29.3291
"X2020.09.24.10.00.00","304.8328",2020-09-24,31.6828
"X2020.09.25.10.00.00","306.2853",2020-09-25,33.1353
"X2020.09.26.10.00.00","298.4179",2020-09-26,25.2679
"X2020.09.27.10.00.00","299.4701",2020-09-27,26.3201
"X2020.09.28.10.00.00","299.4195",2020-09-28,26.2695000000001
"X2020.09.29.10.00.00","299.9744",2020-09-29,26.8244
"X2020.09.30.10.00.00","300.2978",2020-09-30,27.1478
"X2020.10.01.10.00.00","301.7290",2020-10-01,28.579
"X2020.10.02.10.00.00","299.3561",2020-10-02,26.2061
"X2020.10.03.10.00.00","301.3379",2020-10-03,28.1879
"X2020.10.04.10.00.00","304.1774",2020-10-04,31.0274
"X2020.10.05.10.00.00","300.6476",2020-10-05,27.4976
"X2020.10.06.10.00.00","303.1238",2020-10-06,29.9738
"X2020.10.07.10.00.00","303.8661",2020-10-07,30.7161
"X2020.10.08.10.00.00","304.3156",2020-10-08,31.1656
"X2020.10.09.10.00.00","302.5511",2020-10-09,29.4011
"X2020.10.10.10.00.00","300.2530",2020-10-10,27.103
"X2020.10.11.10.00.00","300.7765",2020-10-11,27.6265
"X2020.10.12.10.00.00","303.2463",2020-10-12,30.0963
"X2020.10.13.10.00.00","305.6442",2020-10-13,32.4942
"X2020.10.14.10.00.00","307.7272",2020-10-14,34.5772
"X2020.10.15.10.00.00","308.9660",2020-10-15,35.816
"X2020.10.16.10.00.00","312.0342",2020-10-16,38.8842
"X2020.10.17.10.00.00","310.7690",2020-10-17,37.619
"X2020.10.18.10.00.00","312.2600",2020-10-18,39.11
"X2020.10.19.10.00.00","312.4018",2020-10-19,39.2518
"X2020.10.20.10.00.00","308.5151",2020-10-20,35.3651
"X2020.10.21.10.00.00","308.7886",2020-10-21,35.6386
"X2020.10.22.10.00.00","310.4784",2020-10-22,37.3284
"X2020.10.23.10.00.00","311.0589",2020-10-23,37.9089
"X2020.10.24.10.00.00","312.3847",2020-10-24,39.2347
"X2020.10.25.10.00.00","313.0778",2020-10-25,39.9278
"X2020.10.26.10.00.00","311.7193",2020-10-26,38.5693
"X2020.10.27.10.00.00","308.8926",2020-10-27,35.7426
"X2020.10.28.10.00.00","309.2965",2020-10-28,36.1465
"X2020.10.29.10.00.00","306.8830",2020-10-29,33.733
"X2020.10.30.10.00.00","308.3192",2020-10-30,35.1692
"X2020.10.31.10.00.00","301.5908",2020-10-31,28.4408
"X2020.11.01.10.00.00","294.7805",2020-11-01,21.6305
"X2020.11.02.10.00.00","300.6134",2020-11-02,27.4634
"X2020.11.03.10.00.00","301.6285",2020-11-03,28.4785
"X2020.11.04.10.00.00","301.2339",2020-11-04,28.0839
"X2020.11.05.10.00.00","298.7812",2020-11-05,25.6312
"X2020.11.06.10.00.00","301.4006",2020-11-06,28.2506
"X2020.11.07.10.00.00","303.3496",2020-11-07,30.1996
"X2020.11.08.10.00.00","306.1635",2020-11-08,33.0135
"X2020.11.09.10.00.00","305.6770",2020-11-09,32.527
"X2020.11.10.10.00.00","305.5772",2020-11-10,32.4272
"X2020.11.11.10.00.00","307.0127",2020-11-11,33.8627
"X2020.11.12.10.00.00","305.7902",2020-11-12,32.6402
"X2020.11.13.10.00.00","305.9918",2020-11-13,32.8418
"X2020.11.14.10.00.00","307.8055",2020-11-14,34.6555
"X2020.11.15.10.00.00","308.3712",2020-11-15,35.2212
"X2020.11.16.10.00.00","308.7751",2020-11-16,35.6251
"X2020.11.17.10.00.00","304.2914",2020-11-17,31.1414
"X2020.11.18.10.00.00","303.9851",2020-11-18,30.8351
"X2020.11.19.10.00.00","303.8782",2020-11-19,30.7282
"X2020.11.20.10.00.00","304.8449",2020-11-20,31.6949
"X2020.11.21.10.00.00","298.6729",2020-11-21,25.5229
"X2020.11.22.10.00.00","299.9751",2020-11-22,26.8251
"X2020.11.23.10.00.00","302.1842",2020-11-23,29.0342
"X2020.11.24.10.00.00","300.6526",2020-11-24,27.5026
"X2020.11.25.10.00.00","301.0928",2020-11-25,27.9428
"X2020.11.26.10.00.00","303.3226",2020-11-26,30.1726
"X2020.11.27.10.00.00","305.2780",2020-11-27,32.128
"X2020.11.28.10.00.00","298.0054",2020-11-28,24.8554
"X2020.11.29.10.00.00","303.2000",2020-11-29,30.05
"X2020.11.30.10.00.00","302.7705",2020-11-30,29.6205
"X2020.12.01.10.00.00","303.2969",2020-12-01,30.1469
"X2020.12.02.10.00.00","304.8535",2020-12-02,31.7035
"X2020.12.03.10.00.00","305.5929",2020-12-03,32.4429
"X2020.12.04.10.00.00","307.4757",2020-12-04,34.3257
"X2020.12.05.10.00.00","304.4830",2020-12-05,31.333
"X2020.12.06.10.00.00","305.9854",2020-12-06,32.8354
"X2020.12.07.10.00.00","305.4654",2020-12-07,32.3154
"X2020.12.08.10.00.00","301.4448",2020-12-08,28.2948
"X2020.12.09.10.00.00","301.7653",2020-12-09,28.6153
"X2020.12.10.10.00.00","303.0626",2020-12-10,29.9126
"X2020.12.11.10.00.00","305.1926",2020-12-11,32.0426
"X2020.12.12.10.00.00","306.8132",2020-12-12,33.6632
"X2020.12.13.10.00.00","306.4057",2020-12-13,33.2557
"X2020.12.14.10.00.00","305.8850",2020-12-14,32.735
"X2020.12.15.10.00.00","309.5024",2020-12-15,36.3524
"X2020.12.16.10.00.00","310.7298",2020-12-16,37.5798
"X2020.12.17.10.00.00","310.3003",2020-12-17,37.1503
"X2020.12.18.10.00.00","310.2775",2020-12-18,37.1275
"X2020.12.19.10.00.00","311.0696",2020-12-19,37.9196
"X2020.12.20.10.00.00","312.7936",2020-12-20,39.6436
"X2020.12.21.10.00.00","310.4335",2020-12-21,37.2835
"X2020.12.22.10.00.00","296.3955",2020-12-22,23.2455
"X2020.12.23.10.00.00","302.4634",2020-12-23,29.3134
"X2020.12.24.10.00.00","302.7819",2020-12-24,29.6319
"X2020.12.25.10.00.00","304.4246",2020-12-25,31.2746
"X2020.12.26.10.00.00","304.5165",2020-12-26,31.3665
"X2020.12.27.10.00.00","305.4868",2020-12-27,32.3368
"X2020.12.28.10.00.00","306.1250",2020-12-28,32.975
"X2020.12.29.10.00.00","304.6433",2020-12-29,31.4933
"X2020.12.30.10.00.00","307.8176",2020-12-30,34.6676
"X2020.12.31.10.00.00","307.0120",2020-12-31,33.862
