"","A","F_risk","O_factor","log.density"
"1",0.0892687424238267,0.711818584288451,0.350115704537789,-46.5476112328779
"2",0.091934305222881,0.711172918435497,0.349330124442013,-46.5380618879964
"3",0.0851542746831574,0.716963586087564,0.337162339590568,-46.5145286475629
"4",0.0904297424824699,0.719292134212559,0.325127449575942,-46.4690625006271
"5",0.0859274561089078,0.716745364321853,0.325749380589847,-46.4548494768353
"6",0.0730226707378314,0.718296425258907,0.317235623628392,-46.4257285894953
"7",0.0672026625879684,0.721414921503947,0.311688077565453,-46.4209409544448
"8",0.0735171818728605,0.719614569892339,0.308194252879943,-46.3956501561823
"9",0.0745710566252099,0.721000551733397,0.305566125121942,-46.3933072631439
"10",0.0668105184596911,0.722903742669223,0.328399493692146,-46.5109907147131
"11",0.0668105184596911,0.722903742669223,0.328399493692146,-46.5109907147131
"12",0.064664419028572,0.726242212540382,0.326914402894627,-46.527229310232
"13",0.0528746457740412,0.729542938278706,0.328543075354645,-46.5606825410962
"14",0.0544942221103905,0.726422322894626,0.339608869424278,-46.6013720182139
"15",0.0434440463463668,0.732210724976061,0.337018626810433,-46.6322655860116
"16",0.0446318381235253,0.729632354000221,0.341063005552264,-46.6364694530732
"17",0.0439555974122063,0.728020643848024,0.345240655359964,-46.6496517476531
"18",0.0455454514414896,0.723407563737834,0.360145605717591,-46.7088820679736
"19",0.045015641106632,0.724733445507571,0.353919237720364,-46.6783917823725
"20",0.0410431848894145,0.726405184390985,0.368990157139796,-46.8005816339259
"21",0.0410431848894145,0.726405184390985,0.368990157139796,-46.8005816339259
"22",0.0478286336198003,0.731755630020119,0.345640640920616,-46.684196686051
"23",0.0415174443513786,0.725786647195876,0.342061559913713,-46.6112016528949
"24",0.0412514177410325,0.731140254165844,0.340145380299903,-46.6431946021309
"25",0.0452971376313555,0.731057066105925,0.337748927744738,-46.6273963049536
"26",0.0493624566441791,0.73091710073879,0.333121077481894,-46.5979927509435
"27",0.0591786936809395,0.734436675751437,0.326747646152743,-46.5876887638648
"28",0.0636881213296167,0.731076638565062,0.316943382062482,-46.5091095584125
"29",0.0829339642323089,0.726672611744302,0.315242329036852,-46.4706877062172
"30",0.0813871966102588,0.716866742742042,0.318587054208684,-46.4226903495277
"31",0.0846769540248261,0.717950360757473,0.314482763285073,-46.4116058646135
"32",0.0815126302859686,0.724522005466417,0.308336178036247,-46.4256072426479
"33",0.0900641920911505,0.720041209035611,0.30731767715989,-46.3946136597556
"34",0.09126377794003,0.716483595487818,0.306946765290114,-46.3728362386185
"35",0.0934859720234652,0.716590972282153,0.318336305096003,-46.4198464493966
"36",0.088765170021466,0.714417523332083,0.321010362261628,-46.4179058483506
"37",0.0869745590940278,0.714270149078313,0.312586645822812,-46.3818725966493
"38",0.0836778154141346,0.713224879227783,0.328854824368941,-46.4461012535088
"39",0.0836778154141346,0.713224879227783,0.328854824368941,-46.4461012535088
"40",0.0884412915595705,0.717895410722082,0.325801276697266,-46.4628368661051
"41",0.0820304328790745,0.713541958846966,0.342130348424139,-46.5160415418091
"42",0.0797098874839441,0.712115090113248,0.3338444319101,-46.4626510162489
"43",0.0839391373596171,0.70818450679378,0.330462406167962,-46.4202521458498
"44",0.0877966821511581,0.714203058001331,0.321093303717063,-46.416931751476
"45",0.0806443322268034,0.713950034676918,0.332759025718011,-46.4700638710571
"46",0.0846121232243197,0.722722763072013,0.329705893473228,-46.5166521869999
"47",0.0861438273511492,0.710525513731811,0.345994751000382,-46.5144704272139
"48",0.0763222164145631,0.710430668234612,0.325572029257808,-46.4127564926919
"49",0.0891828830346143,0.714290045724268,0.317079362898455,-46.4002315475418
"50",0.0822529255058901,0.717761231244238,0.289420322041937,-46.3216733102994
"51",0.0804233699989848,0.722269360754282,0.274893845572172,-46.3049199536512
"52",0.0770128843869305,0.721790347165903,0.27758587995945,-46.309128073164
"53",0.0739595832034133,0.720306351468917,0.277825946649016,-46.3034267921584
"54",0.0673075911842612,0.719901814707529,0.276233734855744,-46.298265320461
"55",0.0744712988252134,0.717060926884129,0.298176098163285,-46.345061555224
"56",0.0830150185303193,0.712582488112873,0.284008298557964,-46.285400201647
"57",0.0852342127164462,0.718706503101987,0.280385309534362,-46.3026656927682
"58",0.081215877309459,0.715575731344012,0.282925394182944,-46.2953885166457
"59",0.0776162075021792,0.711654298562467,0.2811529967929,-46.2757627702699
"60",0.0800376351737061,0.711336500843826,0.280718242013348,-46.2736822773413
"61",0.0775555239540657,0.704000286678018,0.281766259176705,-46.248708398275
"62",0.086799111214693,0.698980906940843,0.270910595880429,-46.2215492885174
"63",0.0882730654908932,0.705227059206864,0.268285329856866,-46.2363577087437
"64",0.0825338150130207,0.707020002004467,0.278513349560282,-46.2540965557373
"65",0.0907405962359407,0.703681213860284,0.285965626532087,-46.2546268093282
"66",0.0979649697246165,0.7079977083395,0.270934867835443,-46.247110264147
"67",0.0925021202350348,0.703891567288842,0.279709641985632,-46.2452197768558
"68",0.0919166095208389,0.701735517231333,0.296228304638571,-46.2680417769969
"69",0.0921754523664456,0.695678044560769,0.306709159634607,-46.2674193529515
"70",0.0877513474227016,0.689718765077107,0.288574364187073,-46.2113036398649
"71",0.0940083696688205,0.688367297708924,0.278366051322898,-46.1992496820449
"72",0.0979571210648752,0.696048945391426,0.271753427771845,-46.2146473458085
"73",0.0986875236789277,0.69500114790258,0.283402117611554,-46.2214546899679
"74",0.0986875236789277,0.69500114790258,0.283402117611554,-46.2214546899679
"75",0.0962949582279539,0.696317710231792,0.287663820352899,-46.231391281986
"76",0.0940983983329682,0.693736206295572,0.281601360441909,-46.2158148026893
"77",0.0948195619637368,0.702778317218563,0.276440762591817,-46.2373050136353
"78",0.0865634881830383,0.710939455043904,0.289778614481335,-46.2919693443659
"79",0.0858951500978219,0.712904540044071,0.302943213682237,-46.3393614714734
"80",0.0928360878619822,0.709040499575735,0.288023732116047,-46.2797958032735
"81",0.0957826089666916,0.712864123372474,0.300753834836061,-46.3320283812597
"82",0.0887648274796906,0.716574401270962,0.291919095197268,-46.3233051787356
"83",0.091266617884466,0.719806876410135,0.282421986232487,-46.3123028134616
"84",0.0901389758099931,0.729963008225785,0.270429153492215,-46.3268024624556
"85",0.0932696894999394,0.720834489814184,0.273230322583639,-46.2956246125619
"86",0.0944701241650946,0.722991414978107,0.284246117171838,-46.3316105041027
"87",0.0996998528779666,0.715061158439895,0.277559651115981,-46.2818843518571
"88",0.0996998528779666,0.715061158439895,0.277559651115981,-46.2818843518571
"89",0.0996998528779666,0.715061158439895,0.277559651115981,-46.2818843518571
"90",0.0996998528779666,0.715061158439895,0.277559651115981,-46.2818843518571
"91",0.0960574353373389,0.725620312430285,0.262377421841465,-46.2938530497755
"92",0.0960574353373389,0.725620312430285,0.262377421841465,-46.2938530497755
"93",0.097992488388411,0.719702244465665,0.271825861021889,-46.2886630047182
"94",0.0990765811385313,0.720542771241569,0.28055137645544,-46.3109308228799
"95",0.0990765811385313,0.720542771241569,0.28055137645544,-46.3109308228799
"96",0.0990765811385313,0.720542771241569,0.28055137645544,-46.3109308228799
"97",0.0933188168552396,0.719520137842915,0.267148340419451,-46.2799549413729
"98",0.0915452110882329,0.72064829514113,0.270804430628801,-46.2903247922887
"99",0.0933317944626115,0.716607248238673,0.277587616822513,-46.2879790222343
"100",0.0933317944626115,0.716607248238673,0.277587616822513,-46.2879790222343
"101",0.0800384751411172,0.722327214976067,0.312791844950875,-46.4314236307506
"102",0.078978032449745,0.722122099119457,0.360419581633141,-46.6991434190588
"103",0.078978032449745,0.722122099119457,0.360419581633141,-46.6991434190588
"104",0.078978032449745,0.722122099119457,0.360419581633141,-46.6991434190588
"105",0.078978032449745,0.722122099119457,0.360419581633141,-46.6991434190588
"106",0.078978032449745,0.722122099119457,0.360419581633141,-46.6991434190588
"107",0.078978032449745,0.722122099119457,0.360419581633141,-46.6991434190588
"108",0.078978032449745,0.722122099119457,0.360419581633141,-46.6991434190588
"109",0.0946528343353793,0.768874173973157,0.240943003172684,-46.4229287165245
"110",0.0946528343353793,0.768874173973157,0.240943003172684,-46.4229287165245
"111",0.0946528343353793,0.768874173973157,0.240943003172684,-46.4229287165245
"112",0.0946528343353793,0.768874173973157,0.240943003172684,-46.4229287165245
"113",0.0946528343353793,0.768874173973157,0.240943003172684,-46.4229287165245
"114",0.062619247572819,0.535664425977448,0.987330583862566,-49.7688913239661
"115",0.062619247572819,0.535664425977448,0.987330583862566,-49.7688913239661
"116",0.062619247572819,0.535664425977448,0.987330583862566,-49.7688913239661
"117",0.095183728240345,0.721662791651372,0.02831177051566,-48.3110632920264
"118",0.0968777128875665,0.714514041029779,0.0200394264149148,-48.5763945304594
"119",0.0426550009504594,0.650575973522285,0.331044989122179,-46.1433846292182
"120",0.0426550009504594,0.650575973522285,0.331044989122179,-46.1433846292182
"121",0.0426550009504594,0.650575973522285,0.331044989122179,-46.1433846292182
"122",0.0426550009504594,0.650575973522285,0.331044989122179,-46.1433846292182
"123",0.0426550009504594,0.650575973522285,0.331044989122179,-46.1433846292182
"124",0.0426550009504594,0.650575973522285,0.331044989122179,-46.1433846292182
"125",0.0426550009504594,0.650575973522285,0.331044989122179,-46.1433846292182
"126",0.0426550009504594,0.650575973522285,0.331044989122179,-46.1433846292182
"127",0.0979815912169723,0.575746043042028,0.6330819765269,-47.0425828623301
"128",0.0979815912169723,0.575746043042028,0.6330819765269,-47.0425828623301
"129",0.0979815912169723,0.575746043042028,0.6330819765269,-47.0425828623301
"130",0.0979815912169723,0.575746043042028,0.6330819765269,-47.0425828623301
"131",0.0979815912169723,0.575746043042028,0.6330819765269,-47.0425828623301
"132",0.0979815912169723,0.575746043042028,0.6330819765269,-47.0425828623301
"133",0.0979815912169723,0.575746043042028,0.6330819765269,-47.0425828623301
"134",0.0979815912169723,0.575746043042028,0.6330819765269,-47.0425828623301
"135",0.0979815912169723,0.575746043042028,0.6330819765269,-47.0425828623301
"136",0.0979815912169723,0.575746043042028,0.6330819765269,-47.0425828623301
"137",0.0979815912169723,0.575746043042028,0.6330819765269,-47.0425828623301
"138",0.0979815912169723,0.575746043042028,0.6330819765269,-47.0425828623301
"139",0.0979815912169723,0.575746043042028,0.6330819765269,-47.0425828623301
"140",0.0979815912169723,0.575746043042028,0.6330819765269,-47.0425828623301
"141",0.0979815912169723,0.575746043042028,0.6330819765269,-47.0425828623301
"142",0.0979815912169723,0.575746043042028,0.6330819765269,-47.0425828623301
"143",0.0979815912169723,0.575746043042028,0.6330819765269,-47.0425828623301
"144",0.0979815912169723,0.575746043042028,0.6330819765269,-47.0425828623301
"145",0.0979815912169723,0.575746043042028,0.6330819765269,-47.0425828623301
"146",0.0979815912169723,0.575746043042028,0.6330819765269,-47.0425828623301
"147",0.0979815912169723,0.575746043042028,0.6330819765269,-47.0425828623301
"148",0.0979815912169723,0.575746043042028,0.6330819765269,-47.0425828623301
"149",0.0979815912169723,0.575746043042028,0.6330819765269,-47.0425828623301
"150",0.0979815912169723,0.575746043042028,0.6330819765269,-47.0425828623301
"151",0.0979815912169723,0.575746043042028,0.6330819765269,-47.0425828623301
"152",0.0979815912169723,0.575746043042028,0.6330819765269,-47.0425828623301
"153",0.0979815912169723,0.575746043042028,0.6330819765269,-47.0425828623301
"154",0.0979815912169723,0.575746043042028,0.6330819765269,-47.0425828623301
"155",0.0979815912169723,0.575746043042028,0.6330819765269,-47.0425828623301
"156",0.0979815912169723,0.575746043042028,0.6330819765269,-47.0425828623301
"157",0.0979815912169723,0.575746043042028,0.6330819765269,-47.0425828623301
"158",0.0979815912169723,0.575746043042028,0.6330819765269,-47.0425828623301
"159",0.0979815912169723,0.575746043042028,0.6330819765269,-47.0425828623301
"160",0.0979815912169723,0.575746043042028,0.6330819765269,-47.0425828623301
"161",0.0979815912169723,0.575746043042028,0.6330819765269,-47.0425828623301
"162",0.0979815912169723,0.575746043042028,0.6330819765269,-47.0425828623301
"163",0.0979815912169723,0.575746043042028,0.6330819765269,-47.0425828623301
"164",0.0639646372544379,0.736591087166112,0.348670130269334,-46.7478700576882
"165",0.0639646372544379,0.736591087166112,0.348670130269334,-46.7478700576882
"166",0.0639646372544379,0.736591087166112,0.348670130269334,-46.7478700576882
"167",0.0639646372544379,0.736591087166112,0.348670130269334,-46.7478700576882
"168",0.0639646372544379,0.736591087166112,0.348670130269334,-46.7478700576882
"169",0.0639646372544379,0.736591087166112,0.348670130269334,-46.7478700576882
"170",0.0639646372544379,0.736591087166112,0.348670130269334,-46.7478700576882
"171",0.0639646372544379,0.736591087166112,0.348670130269334,-46.7478700576882
"172",0.0639646372544379,0.736591087166112,0.348670130269334,-46.7478700576882
"173",0.0639646372544379,0.736591087166112,0.348670130269334,-46.7478700576882
"174",0.0639646372544379,0.736591087166112,0.348670130269334,-46.7478700576882
"175",0.0639646372544379,0.736591087166112,0.348670130269334,-46.7478700576882
"176",0.0639646372544379,0.736591087166112,0.348670130269334,-46.7478700576882
"177",0.0639646372544379,0.736591087166112,0.348670130269334,-46.7478700576882
"178",0.0639646372544379,0.736591087166112,0.348670130269334,-46.7478700576882
"179",0.0639646372544379,0.736591087166112,0.348670130269334,-46.7478700576882
"180",0.0639646372544379,0.736591087166112,0.348670130269334,-46.7478700576882
"181",0.0639646372544379,0.736591087166112,0.348670130269334,-46.7478700576882
"182",0.0639646372544379,0.736591087166112,0.348670130269334,-46.7478700576882
"183",0.0639646372544379,0.736591087166112,0.348670130269334,-46.7478700576882
"184",0.0639646372544379,0.736591087166112,0.348670130269334,-46.7478700576882
"185",0.0639646372544379,0.736591087166112,0.348670130269334,-46.7478700576882
"186",0.0639646372544379,0.736591087166112,0.348670130269334,-46.7478700576882
"187",0.0639646372544379,0.736591087166112,0.348670130269334,-46.7478700576882
"188",0.0639646372544379,0.736591087166112,0.348670130269334,-46.7478700576882
"189",0.0639646372544379,0.736591087166112,0.348670130269334,-46.7478700576882
"190",0.0639646372544379,0.736591087166112,0.348670130269334,-46.7478700576882
"191",0.0639646372544379,0.736591087166112,0.348670130269334,-46.7478700576882
"192",0.0639646372544379,0.736591087166112,0.348670130269334,-46.7478700576882
"193",0.0445268283479939,0.728798023720818,0.266121633399704,-46.3125498579524
"194",0.0445268283479939,0.728798023720818,0.266121633399704,-46.3125498579524
"195",0.0445268283479939,0.728798023720818,0.266121633399704,-46.3125498579524
"196",0.0445268283479939,0.728798023720818,0.266121633399704,-46.3125498579524
"197",0.0445268283479939,0.728798023720818,0.266121633399704,-46.3125498579524
"198",0.0423349367531067,0.641563074822116,0.370363873683405,-46.1865904497425
"199",0.0423349367531067,0.641563074822116,0.370363873683405,-46.1865904497425
"200",0.0423349367531067,0.641563074822116,0.370363873683405,-46.1865904497425
"201",0.0423349367531067,0.641563074822116,0.370363873683405,-46.1865904497425
"202",0.0423349367531067,0.641563074822116,0.370363873683405,-46.1865904497425
"203",0.0423349367531067,0.641563074822116,0.370363873683405,-46.1865904497425
"204",0.0423349367531067,0.641563074822116,0.370363873683405,-46.1865904497425
"205",0.0560876381722676,0.760665232921975,0.249399972052045,-46.408550134161
"206",0.0560876381722676,0.760665232921975,0.249399972052045,-46.408550134161
"207",0.0560876381722676,0.760665232921975,0.249399972052045,-46.408550134161
"208",0.0560876381722676,0.760665232921975,0.249399972052045,-46.408550134161
"209",0.0560876381722676,0.760665232921975,0.249399972052045,-46.408550134161
"210",0.0560876381722676,0.760665232921975,0.249399972052045,-46.408550134161
"211",0.0560876381722676,0.760665232921975,0.249399972052045,-46.408550134161
"212",0.0560876381722676,0.760665232921975,0.249399972052045,-46.408550134161
"213",0.0560876381722676,0.760665232921975,0.249399972052045,-46.408550134161
"214",0.0560876381722676,0.760665232921975,0.249399972052045,-46.408550134161
"215",0.0560876381722676,0.760665232921975,0.249399972052045,-46.408550134161
"216",0.0560876381722676,0.760665232921975,0.249399972052045,-46.408550134161
"217",0.0811394116929685,0.737159559906681,0.147141758521188,-46.5622524662775
"218",0.0811394116929685,0.737159559906681,0.147141758521188,-46.5622524662775
"219",0.0811394116929685,0.737159559906681,0.147141758521188,-46.5622524662775
"220",0.0811394116929685,0.737159559906681,0.147141758521188,-46.5622524662775
"221",0.0811394116929685,0.737159559906681,0.147141758521188,-46.5622524662775
"222",0.0811394116929685,0.737159559906681,0.147141758521188,-46.5622524662775
"223",0.0811394116929685,0.737159559906681,0.147141758521188,-46.5622524662775
"224",0.0811394116929685,0.737159559906681,0.147141758521188,-46.5622524662775
"225",0.0811394116929685,0.737159559906681,0.147141758521188,-46.5622524662775
"226",0.0811394116929685,0.737159559906681,0.147141758521188,-46.5622524662775
"227",0.0811394116929685,0.737159559906681,0.147141758521188,-46.5622524662775
"228",0.0811394116929685,0.737159559906681,0.147141758521188,-46.5622524662775
"229",0.0811394116929685,0.737159559906681,0.147141758521188,-46.5622524662775
"230",0.0811394116929685,0.737159559906681,0.147141758521188,-46.5622524662775
"231",0.0811394116929685,0.737159559906681,0.147141758521188,-46.5622524662775
"232",0.0811394116929685,0.737159559906681,0.147141758521188,-46.5622524662775
"233",0.0811394116929685,0.737159559906681,0.147141758521188,-46.5622524662775
"234",0.0811394116929685,0.737159559906681,0.147141758521188,-46.5622524662775
"235",0.0811394116929685,0.737159559906681,0.147141758521188,-46.5622524662775
"236",0.0811394116929685,0.737159559906681,0.147141758521188,-46.5622524662775
"237",0.0811394116929685,0.737159559906681,0.147141758521188,-46.5622524662775
"238",0.0811394116929685,0.737159559906681,0.147141758521188,-46.5622524662775
"239",0.0811394116929685,0.737159559906681,0.147141758521188,-46.5622524662775
"240",0.0811394116929685,0.737159559906681,0.147141758521188,-46.5622524662775
"241",0.0811394116929685,0.737159559906681,0.147141758521188,-46.5622524662775
"242",0.0811394116929685,0.737159559906681,0.147141758521188,-46.5622524662775
"243",0.0811394116929685,0.737159559906681,0.147141758521188,-46.5622524662775
"244",0.0811394116929685,0.737159559906681,0.147141758521188,-46.5622524662775
"245",0.0811394116929685,0.737159559906681,0.147141758521188,-46.5622524662775
"246",0.0811394116929685,0.737159559906681,0.147141758521188,-46.5622524662775
"247",0.0811394116929685,0.737159559906681,0.147141758521188,-46.5622524662775
"248",0.0811394116929685,0.737159559906681,0.147141758521188,-46.5622524662775
"249",0.0811394116929685,0.737159559906681,0.147141758521188,-46.5622524662775
"250",0.0811394116929685,0.737159559906681,0.147141758521188,-46.5622524662775
"251",0.0811394116929685,0.737159559906681,0.147141758521188,-46.5622524662775
"252",0.0811394116929685,0.737159559906681,0.147141758521188,-46.5622524662775
"253",0.0811394116929685,0.737159559906681,0.147141758521188,-46.5622524662775
"254",0.0811394116929685,0.737159559906681,0.147141758521188,-46.5622524662775
"255",0.0811394116929685,0.737159559906681,0.147141758521188,-46.5622524662775
"256",0.0811394116929685,0.737159559906681,0.147141758521188,-46.5622524662775
"257",0.0811394116929685,0.737159559906681,0.147141758521188,-46.5622524662775
"258",0.0811394116929685,0.737159559906681,0.147141758521188,-46.5622524662775
"259",0.0811394116929685,0.737159559906681,0.147141758521188,-46.5622524662775
"260",0.0811394116929685,0.737159559906681,0.147141758521188,-46.5622524662775
"261",0.0811394116929685,0.737159559906681,0.147141758521188,-46.5622524662775
"262",0.0811394116929685,0.737159559906681,0.147141758521188,-46.5622524662775
"263",0.0811394116929685,0.737159559906681,0.147141758521188,-46.5622524662775
"264",0.0811394116929685,0.737159559906681,0.147141758521188,-46.5622524662775
"265",0.0811394116929685,0.737159559906681,0.147141758521188,-46.5622524662775
"266",0.0811394116929685,0.737159559906681,0.147141758521188,-46.5622524662775
"267",0.0811394116929685,0.737159559906681,0.147141758521188,-46.5622524662775
"268",0.0811394116929685,0.737159559906681,0.147141758521188,-46.5622524662775
"269",0.0811394116929685,0.737159559906681,0.147141758521188,-46.5622524662775
"270",0.0811394116929685,0.737159559906681,0.147141758521188,-46.5622524662775
"271",0.0811394116929685,0.737159559906681,0.147141758521188,-46.5622524662775
"272",0.0811394116929685,0.737159559906681,0.147141758521188,-46.5622524662775
"273",0.0811394116929685,0.737159559906681,0.147141758521188,-46.5622524662775
"274",0.0811394116929685,0.737159559906681,0.147141758521188,-46.5622524662775
"275",0.0560709865419795,0.859419320008544,0.135268553960677,-46.6219110442513
"276",0.0560709865419795,0.859419320008544,0.135268553960677,-46.6219110442513
"277",0.0560709865419795,0.859419320008544,0.135268553960677,-46.6219110442513
"278",0.0560709865419795,0.859419320008544,0.135268553960677,-46.6219110442513
"279",0.0560709865419795,0.859419320008544,0.135268553960677,-46.6219110442513
"280",0.0560709865419795,0.859419320008544,0.135268553960677,-46.6219110442513
"281",0.0560709865419795,0.859419320008544,0.135268553960677,-46.6219110442513
"282",0.0560709865419795,0.859419320008544,0.135268553960677,-46.6219110442513
"283",0.0560709865419795,0.859419320008544,0.135268553960677,-46.6219110442513
"284",0.0560709865419795,0.859419320008544,0.135268553960677,-46.6219110442513
"285",0.0560709865419795,0.859419320008544,0.135268553960677,-46.6219110442513
"286",0.0560709865419795,0.859419320008544,0.135268553960677,-46.6219110442513
"287",0.0560709865419795,0.859419320008544,0.135268553960677,-46.6219110442513
"288",0.0560709865419795,0.859419320008544,0.135268553960677,-46.6219110442513
"289",0.0560709865419795,0.859419320008544,0.135268553960677,-46.6219110442513
"290",0.0560709865419795,0.859419320008544,0.135268553960677,-46.6219110442513
"291",0.0741163418930865,0.980379952738471,0.140295175010274,-47.195204417424
"292",0.0741163418930865,0.980379952738471,0.140295175010274,-47.195204417424
"293",0.0741163418930865,0.980379952738471,0.140295175010274,-47.195204417424
"294",0.0741163418930865,0.980379952738471,0.140295175010274,-47.195204417424
"295",0.0741163418930865,0.980379952738471,0.140295175010274,-47.195204417424
"296",0.0741163418930865,0.980379952738471,0.140295175010274,-47.195204417424
"297",0.0741163418930865,0.980379952738471,0.140295175010274,-47.195204417424
"298",0.0741163418930865,0.980379952738471,0.140295175010274,-47.195204417424
"299",0.0741163418930865,0.980379952738471,0.140295175010274,-47.195204417424
"300",0.0741163418930865,0.980379952738471,0.140295175010274,-47.195204417424
"301",0.0741163418930865,0.980379952738471,0.140295175010274,-47.195204417424
"302",0.0741163418930865,0.980379952738471,0.140295175010274,-47.195204417424
"303",0.0741163418930865,0.980379952738471,0.140295175010274,-47.195204417424
"304",0.0741163418930865,0.980379952738471,0.140295175010274,-47.195204417424
"305",0.0854221915378487,0.881954385966125,0.0718082714615424,-46.8923248386633
"306",0.0854221915378487,0.881954385966125,0.0718082714615424,-46.8923248386633
"307",0.0854221915378487,0.881954385966125,0.0718082714615424,-46.8923248386633
"308",0.0854221915378487,0.881954385966125,0.0718082714615424,-46.8923248386633
"309",0.0854221915378487,0.881954385966125,0.0718082714615424,-46.8923248386633
"310",0.0854221915378487,0.881954385966125,0.0718082714615424,-46.8923248386633
"311",0.0854221915378487,0.881954385966125,0.0718082714615424,-46.8923248386633
"312",0.0854221915378487,0.881954385966125,0.0718082714615424,-46.8923248386633
"313",0.0854221915378487,0.881954385966125,0.0718082714615424,-46.8923248386633
"314",0.0854221915378487,0.881954385966125,0.0718082714615424,-46.8923248386633
"315",0.0854221915378487,0.881954385966125,0.0718082714615424,-46.8923248386633
"316",0.0854221915378487,0.881954385966125,0.0718082714615424,-46.8923248386633
"317",0.0854221915378487,0.881954385966125,0.0718082714615424,-46.8923248386633
"318",0.0854221915378487,0.881954385966125,0.0718082714615424,-46.8923248386633
"319",0.0854221915378487,0.881954385966125,0.0718082714615424,-46.8923248386633
"320",0.0854221915378487,0.881954385966125,0.0718082714615424,-46.8923248386633
"321",0.0854221915378487,0.881954385966125,0.0718082714615424,-46.8923248386633
"322",0.0854221915378487,0.881954385966125,0.0718082714615424,-46.8923248386633
"323",0.0854221915378487,0.881954385966125,0.0718082714615424,-46.8923248386633
"324",0.0854221915378487,0.881954385966125,0.0718082714615424,-46.8923248386633
"325",0.0854221915378487,0.881954385966125,0.0718082714615424,-46.8923248386633
"326",0.0854221915378487,0.881954385966125,0.0718082714615424,-46.8923248386633
"327",0.0854221915378487,0.881954385966125,0.0718082714615424,-46.8923248386633
"328",0.0854221915378487,0.881954385966125,0.0718082714615424,-46.8923248386633
"329",0.0854221915378487,0.881954385966125,0.0718082714615424,-46.8923248386633
"330",0.0854221915378487,0.881954385966125,0.0718082714615424,-46.8923248386633
"331",0.0854221915378487,0.881954385966125,0.0718082714615424,-46.8923248386633
"332",0.0854221915378487,0.881954385966125,0.0718082714615424,-46.8923248386633
"333",0.0854221915378487,0.881954385966125,0.0718082714615424,-46.8923248386633
"334",0.0854221915378487,0.881954385966125,0.0718082714615424,-46.8923248386633
"335",0.0854221915378487,0.881954385966125,0.0718082714615424,-46.8923248386633
"336",0.0392231346554335,0.61623171637301,0.187044243807296,-46.8028167263462
"337",0.0656082423003651,0.691767700292232,0.302790584403219,-46.2417990554963
"338",0.0656082423003651,0.691767700292232,0.302790584403219,-46.2417990554963
"339",0.0656082423003651,0.691767700292232,0.302790584403219,-46.2417990554963
"340",0.0656082423003651,0.691767700292232,0.302790584403219,-46.2417990554963
"341",0.0656082423003651,0.691767700292232,0.302790584403219,-46.2417990554963
"342",0.0656082423003651,0.691767700292232,0.302790584403219,-46.2417990554963
"343",0.0656082423003651,0.691767700292232,0.302790584403219,-46.2417990554963
"344",0.0656082423003651,0.691767700292232,0.302790584403219,-46.2417990554963
"345",0.0656082423003651,0.691767700292232,0.302790584403219,-46.2417990554963
"346",0.0656082423003651,0.691767700292232,0.302790584403219,-46.2417990554963
"347",0.0656082423003651,0.691767700292232,0.302790584403219,-46.2417990554963
"348",0.0732537255396734,0.94915843097905,0.139244634675068,-46.9951638552457
"349",0.0732537255396734,0.94915843097905,0.139244634675068,-46.9951638552457
"350",0.0732537255396734,0.94915843097905,0.139244634675068,-46.9951638552457
"351",0.0732537255396734,0.94915843097905,0.139244634675068,-46.9951638552457
"352",0.0732537255396734,0.94915843097905,0.139244634675068,-46.9951638552457
"353",0.0732537255396734,0.94915843097905,0.139244634675068,-46.9951638552457
"354",0.0732537255396734,0.94915843097905,0.139244634675068,-46.9951638552457
"355",0.0732537255396734,0.94915843097905,0.139244634675068,-46.9951638552457
"356",0.0732537255396734,0.94915843097905,0.139244634675068,-46.9951638552457
"357",0.0704586758831753,0.957313839708299,0.130306672678866,-47.0030120804307
"358",0.0704586758831753,0.957313839708299,0.130306672678866,-47.0030120804307
"359",0.0704586758831753,0.957313839708299,0.130306672678866,-47.0030120804307
"360",0.0704586758831753,0.957313839708299,0.130306672678866,-47.0030120804307
"361",0.0704586758831753,0.957313839708299,0.130306672678866,-47.0030120804307
"362",0.0704586758831753,0.957313839708299,0.130306672678866,-47.0030120804307
"363",0.0704586758831753,0.957313839708299,0.130306672678866,-47.0030120804307
"364",0.0704586758831753,0.957313839708299,0.130306672678866,-47.0030120804307
"365",0.0704586758831753,0.957313839708299,0.130306672678866,-47.0030120804307
"366",0.0704586758831753,0.957313839708299,0.130306672678866,-47.0030120804307
"367",0.0704586758831753,0.957313839708299,0.130306672678866,-47.0030120804307
"368",0.0704586758831753,0.957313839708299,0.130306672678866,-47.0030120804307
"369",0.0704586758831753,0.957313839708299,0.130306672678866,-47.0030120804307
"370",0.0704586758831753,0.957313839708299,0.130306672678866,-47.0030120804307
"371",0.0704586758831753,0.957313839708299,0.130306672678866,-47.0030120804307
"372",0.0704586758831753,0.957313839708299,0.130306672678866,-47.0030120804307
"373",0.0704586758831753,0.957313839708299,0.130306672678866,-47.0030120804307
"374",0.0704586758831753,0.957313839708299,0.130306672678866,-47.0030120804307
"375",0.0704586758831753,0.957313839708299,0.130306672678866,-47.0030120804307
"376",0.0704586758831753,0.957313839708299,0.130306672678866,-47.0030120804307
"377",0.0704586758831753,0.957313839708299,0.130306672678866,-47.0030120804307
"378",0.0704586758831753,0.957313839708299,0.130306672678866,-47.0030120804307
"379",0.0704586758831753,0.957313839708299,0.130306672678866,-47.0030120804307
"380",0.0704586758831753,0.957313839708299,0.130306672678866,-47.0030120804307
"381",0.0704586758831753,0.957313839708299,0.130306672678866,-47.0030120804307
"382",0.0704586758831753,0.957313839708299,0.130306672678866,-47.0030120804307
"383",0.0704586758831753,0.957313839708299,0.130306672678866,-47.0030120804307
"384",0.0704586758831753,0.957313839708299,0.130306672678866,-47.0030120804307
"385",0.0704586758831753,0.957313839708299,0.130306672678866,-47.0030120804307
"386",0.0704586758831753,0.957313839708299,0.130306672678866,-47.0030120804307
"387",0.0704586758831753,0.957313839708299,0.130306672678866,-47.0030120804307
"388",0.0704586758831753,0.957313839708299,0.130306672678866,-47.0030120804307
"389",0.0704586758831753,0.957313839708299,0.130306672678866,-47.0030120804307
"390",0.0704586758831753,0.957313839708299,0.130306672678866,-47.0030120804307
"391",0.0704586758831753,0.957313839708299,0.130306672678866,-47.0030120804307
"392",0.0704586758831753,0.957313839708299,0.130306672678866,-47.0030120804307
"393",0.0704586758831753,0.957313839708299,0.130306672678866,-47.0030120804307
"394",0.0704586758831753,0.957313839708299,0.130306672678866,-47.0030120804307
"395",0.0704586758831753,0.957313839708299,0.130306672678866,-47.0030120804307
"396",0.0704586758831753,0.957313839708299,0.130306672678866,-47.0030120804307
"397",0.0704586758831753,0.957313839708299,0.130306672678866,-47.0030120804307
"398",0.0704586758831753,0.957313839708299,0.130306672678866,-47.0030120804307
"399",0.0704586758831753,0.957313839708299,0.130306672678866,-47.0030120804307
"400",0.047945428936229,0.924088242286066,0.0155277435605715,-47.4085376013611
"401",0.047945428936229,0.924088242286066,0.0155277435605715,-47.4085376013611
"402",0.047945428936229,0.924088242286066,0.0155277435605715,-47.4085376013611
"403",0.047945428936229,0.924088242286066,0.0155277435605715,-47.4085376013611
"404",0.047945428936229,0.924088242286066,0.0155277435605715,-47.4085376013611
"405",0.047945428936229,0.924088242286066,0.0155277435605715,-47.4085376013611
"406",0.047945428936229,0.924088242286066,0.0155277435605715,-47.4085376013611
"407",0.047945428936229,0.924088242286066,0.0155277435605715,-47.4085376013611
"408",0.047945428936229,0.924088242286066,0.0155277435605715,-47.4085376013611
"409",0.047945428936229,0.924088242286066,0.0155277435605715,-47.4085376013611
"410",0.047945428936229,0.924088242286066,0.0155277435605715,-47.4085376013611
"411",0.047945428936229,0.924088242286066,0.0155277435605715,-47.4085376013611
"412",0.047945428936229,0.924088242286066,0.0155277435605715,-47.4085376013611
"413",0.047945428936229,0.924088242286066,0.0155277435605715,-47.4085376013611
"414",0.047945428936229,0.924088242286066,0.0155277435605715,-47.4085376013611
"415",0.047945428936229,0.924088242286066,0.0155277435605715,-47.4085376013611
"416",0.047945428936229,0.924088242286066,0.0155277435605715,-47.4085376013611
"417",0.047945428936229,0.924088242286066,0.0155277435605715,-47.4085376013611
"418",0.047945428936229,0.924088242286066,0.0155277435605715,-47.4085376013611
"419",0.047945428936229,0.924088242286066,0.0155277435605715,-47.4085376013611
"420",0.047945428936229,0.924088242286066,0.0155277435605715,-47.4085376013611
"421",0.088255275489577,0.50010016546723,0.556039168290226,-45.9763344363359
"422",0.088255275489577,0.50010016546723,0.556039168290226,-45.9763344363359
"423",0.088255275489577,0.50010016546723,0.556039168290226,-45.9763344363359
"424",0.088255275489577,0.50010016546723,0.556039168290226,-45.9763344363359
"425",0.088255275489577,0.50010016546723,0.556039168290226,-45.9763344363359
"426",0.088255275489577,0.50010016546723,0.556039168290226,-45.9763344363359
"427",0.088255275489577,0.50010016546723,0.556039168290226,-45.9763344363359
"428",0.088255275489577,0.50010016546723,0.556039168290226,-45.9763344363359
"429",0.088255275489577,0.50010016546723,0.556039168290226,-45.9763344363359
"430",0.088255275489577,0.50010016546723,0.556039168290226,-45.9763344363359
"431",0.088255275489577,0.50010016546723,0.556039168290226,-45.9763344363359
"432",0.088255275489577,0.50010016546723,0.556039168290226,-45.9763344363359
"433",0.088255275489577,0.50010016546723,0.556039168290226,-45.9763344363359
"434",0.088255275489577,0.50010016546723,0.556039168290226,-45.9763344363359
"435",0.088255275489577,0.50010016546723,0.556039168290226,-45.9763344363359
"436",0.088255275489577,0.50010016546723,0.556039168290226,-45.9763344363359
"437",0.088255275489577,0.50010016546723,0.556039168290226,-45.9763344363359
"438",0.088255275489577,0.50010016546723,0.556039168290226,-45.9763344363359
"439",0.088255275489577,0.50010016546723,0.556039168290226,-45.9763344363359
"440",0.088255275489577,0.50010016546723,0.556039168290226,-45.9763344363359
"441",0.088255275489577,0.50010016546723,0.556039168290226,-45.9763344363359
"442",0.088255275489577,0.50010016546723,0.556039168290226,-45.9763344363359
"443",0.088255275489577,0.50010016546723,0.556039168290226,-45.9763344363359
"444",0.088255275489577,0.50010016546723,0.556039168290226,-45.9763344363359
"445",0.088255275489577,0.50010016546723,0.556039168290226,-45.9763344363359
"446",0.088255275489577,0.50010016546723,0.556039168290226,-45.9763344363359
"447",0.088255275489577,0.50010016546723,0.556039168290226,-45.9763344363359
"448",0.088255275489577,0.50010016546723,0.556039168290226,-45.9763344363359
"449",0.088255275489577,0.50010016546723,0.556039168290226,-45.9763344363359
"450",0.088255275489577,0.50010016546723,0.556039168290226,-45.9763344363359
"451",0.088255275489577,0.50010016546723,0.556039168290226,-45.9763344363359
"452",0.088255275489577,0.50010016546723,0.556039168290226,-45.9763344363359
"453",0.088255275489577,0.50010016546723,0.556039168290226,-45.9763344363359
"454",0.088255275489577,0.50010016546723,0.556039168290226,-45.9763344363359
"455",0.088255275489577,0.50010016546723,0.556039168290226,-45.9763344363359
"456",0.088255275489577,0.50010016546723,0.556039168290226,-45.9763344363359
"457",0.088255275489577,0.50010016546723,0.556039168290226,-45.9763344363359
"458",0.088255275489577,0.50010016546723,0.556039168290226,-45.9763344363359
"459",0.088255275489577,0.50010016546723,0.556039168290226,-45.9763344363359
"460",0.088255275489577,0.50010016546723,0.556039168290226,-45.9763344363359
"461",0.088255275489577,0.50010016546723,0.556039168290226,-45.9763344363359
"462",0.088255275489577,0.50010016546723,0.556039168290226,-45.9763344363359
"463",0.088255275489577,0.50010016546723,0.556039168290226,-45.9763344363359
"464",0.088255275489577,0.50010016546723,0.556039168290226,-45.9763344363359
"465",0.088255275489577,0.50010016546723,0.556039168290226,-45.9763344363359
"466",0.088255275489577,0.50010016546723,0.556039168290226,-45.9763344363359
"467",0.088255275489577,0.50010016546723,0.556039168290226,-45.9763344363359
"468",0.088255275489577,0.50010016546723,0.556039168290226,-45.9763344363359
"469",0.088255275489577,0.50010016546723,0.556039168290226,-45.9763344363359
"470",0.088255275489577,0.50010016546723,0.556039168290226,-45.9763344363359
"471",0.088255275489577,0.50010016546723,0.556039168290226,-45.9763344363359
"472",0.088255275489577,0.50010016546723,0.556039168290226,-45.9763344363359
"473",0.088255275489577,0.50010016546723,0.556039168290226,-45.9763344363359
"474",0.088255275489577,0.50010016546723,0.556039168290226,-45.9763344363359
"475",0.088255275489577,0.50010016546723,0.556039168290226,-45.9763344363359
"476",0.088255275489577,0.50010016546723,0.556039168290226,-45.9763344363359
"477",0.088255275489577,0.50010016546723,0.556039168290226,-45.9763344363359
"478",0.088255275489577,0.50010016546723,0.556039168290226,-45.9763344363359
"479",0.088255275489577,0.50010016546723,0.556039168290226,-45.9763344363359
"480",0.0341574718827339,0.891940913758634,0.103033050291367,-46.7473654781609
"481",0.0961766288155908,0.952309059484392,0.0383680177296543,-47.1389973230809
"482",0.0961766288155908,0.952309059484392,0.0383680177296543,-47.1389973230809
"483",0.0961766288155908,0.952309059484392,0.0383680177296543,-47.1389973230809
"484",0.0961766288155908,0.952309059484392,0.0383680177296543,-47.1389973230809
"485",0.0961766288155908,0.952309059484392,0.0383680177296543,-47.1389973230809
"486",0.0961766288155908,0.952309059484392,0.0383680177296543,-47.1389973230809
"487",0.0961766288155908,0.952309059484392,0.0383680177296543,-47.1389973230809
"488",0.0961766288155908,0.952309059484392,0.0383680177296543,-47.1389973230809
"489",0.0961766288155908,0.952309059484392,0.0383680177296543,-47.1389973230809
"490",0.0961766288155908,0.952309059484392,0.0383680177296543,-47.1389973230809
"491",0.0961766288155908,0.952309059484392,0.0383680177296543,-47.1389973230809
"492",0.0961766288155908,0.952309059484392,0.0383680177296543,-47.1389973230809
"493",0.0961766288155908,0.952309059484392,0.0383680177296543,-47.1389973230809
"494",0.0961766288155908,0.952309059484392,0.0383680177296543,-47.1389973230809
"495",0.0961766288155908,0.952309059484392,0.0383680177296543,-47.1389973230809
"496",0.0961766288155908,0.952309059484392,0.0383680177296543,-47.1389973230809
"497",0.0961766288155908,0.952309059484392,0.0383680177296543,-47.1389973230809
"498",0.0961766288155908,0.952309059484392,0.0383680177296543,-47.1389973230809
"499",0.0961766288155908,0.952309059484392,0.0383680177296543,-47.1389973230809
"500",0.0961766288155908,0.952309059484392,0.0383680177296543,-47.1389973230809
"501",0.0961766288155908,0.952309059484392,0.0383680177296543,-47.1389973230809
"502",0.0961766288155908,0.952309059484392,0.0383680177296543,-47.1389973230809
"503",0.0961766288155908,0.952309059484392,0.0383680177296543,-47.1389973230809
"504",0.0961766288155908,0.952309059484392,0.0383680177296543,-47.1389973230809
"505",0.0961766288155908,0.952309059484392,0.0383680177296543,-47.1389973230809
"506",0.0961766288155908,0.952309059484392,0.0383680177296543,-47.1389973230809
"507",0.0961766288155908,0.952309059484392,0.0383680177296543,-47.1389973230809
"508",0.0961766288155908,0.952309059484392,0.0383680177296543,-47.1389973230809
"509",0.0961766288155908,0.952309059484392,0.0383680177296543,-47.1389973230809
"510",0.0961766288155908,0.952309059484392,0.0383680177296543,-47.1389973230809
"511",0.0961766288155908,0.952309059484392,0.0383680177296543,-47.1389973230809
"512",0.0961766288155908,0.952309059484392,0.0383680177296543,-47.1389973230809
"513",0.0961766288155908,0.952309059484392,0.0383680177296543,-47.1389973230809
"514",0.0961766288155908,0.952309059484392,0.0383680177296543,-47.1389973230809
"515",0.0961766288155908,0.952309059484392,0.0383680177296543,-47.1389973230809
"516",0.0961766288155908,0.952309059484392,0.0383680177296543,-47.1389973230809
"517",0.0961766288155908,0.952309059484392,0.0383680177296543,-47.1389973230809
"518",0.0961766288155908,0.952309059484392,0.0383680177296543,-47.1389973230809
"519",0.0961766288155908,0.952309059484392,0.0383680177296543,-47.1389973230809
"520",0.0961766288155908,0.952309059484392,0.0383680177296543,-47.1389973230809
"521",0.0961766288155908,0.952309059484392,0.0383680177296543,-47.1389973230809
"522",0.0961766288155908,0.952309059484392,0.0383680177296543,-47.1389973230809
"523",0.0961766288155908,0.952309059484392,0.0383680177296543,-47.1389973230809
"524",0.0961766288155908,0.952309059484392,0.0383680177296543,-47.1389973230809
"525",0.0783420286494754,1.03845896460693,0.129437896611404,-47.5364453715794
"526",0.0783420286494754,1.03845896460693,0.129437896611404,-47.5364453715794
"527",0.0783420286494754,1.03845896460693,0.129437896611404,-47.5364453715794
"528",0.0341379625250624,0.990216929850337,0.0285681834137951,-47.2335930014456
"529",0.0341379625250624,0.990216929850337,0.0285681834137951,-47.2335930014456
"530",0.0341379625250624,0.990216929850337,0.0285681834137951,-47.2335930014456
"531",0.0341379625250624,0.990216929850337,0.0285681834137951,-47.2335930014456
"532",0.0341379625250624,0.990216929850337,0.0285681834137951,-47.2335930014456
"533",0.0341379625250624,0.990216929850337,0.0285681834137951,-47.2335930014456
"534",0.0994075678289799,0.784264007408586,0.251642019176338,-46.5394458709843
"535",0.0994075678289799,0.784264007408586,0.251642019176338,-46.5394458709843
"536",0.0994075678289799,0.784264007408586,0.251642019176338,-46.5394458709843
"537",0.0994075678289799,0.784264007408586,0.251642019176338,-46.5394458709843
"538",0.0991675420206043,0.480120159971532,0.291625979276048,-47.1458955614545
"539",0.0991675420206043,0.480120159971532,0.291625979276048,-47.1458955614545
"540",0.0991675420206043,0.480120159971532,0.291625979276048,-47.1458955614545
"541",0.0991675420206043,0.480120159971532,0.291625979276048,-47.1458955614545
"542",0.0991675420206043,0.480120159971532,0.291625979276048,-47.1458955614545
"543",0.0991675420206043,0.480120159971532,0.291625979276048,-47.1458955614545
"544",0.0991675420206043,0.480120159971532,0.291625979276048,-47.1458955614545
"545",0.0991675420206043,0.480120159971532,0.291625979276048,-47.1458955614545
"546",0.0991675420206043,0.480120159971532,0.291625979276048,-47.1458955614545
"547",0.0991675420206043,0.480120159971532,0.291625979276048,-47.1458955614545
"548",0.0991675420206043,0.480120159971532,0.291625979276048,-47.1458955614545
"549",0.0991675420206043,0.480120159971532,0.291625979276048,-47.1458955614545
"550",0.0991675420206043,0.480120159971532,0.291625979276048,-47.1458955614545
"551",0.0991675420206043,0.480120159971532,0.291625979276048,-47.1458955614545
"552",0.0991675420206043,0.480120159971532,0.291625979276048,-47.1458955614545
"553",0.0991675420206043,0.480120159971532,0.291625979276048,-47.1458955614545
"554",0.0991675420206043,0.480120159971532,0.291625979276048,-47.1458955614545
"555",0.0991675420206043,0.480120159971532,0.291625979276048,-47.1458955614545
"556",0.0991675420206043,0.480120159971532,0.291625979276048,-47.1458955614545
"557",0.0991675420206043,0.480120159971532,0.291625979276048,-47.1458955614545
"558",0.0991675420206043,0.480120159971532,0.291625979276048,-47.1458955614545
"559",0.0991675420206043,0.480120159971532,0.291625979276048,-47.1458955614545
"560",0.0991675420206043,0.480120159971532,0.291625979276048,-47.1458955614545
"561",0.0991675420206043,0.480120159971532,0.291625979276048,-47.1458955614545
"562",0.0967611887837433,0.765337814481558,0.131749379715872,-46.6056301433044
"563",0.0967611887837433,0.765337814481558,0.131749379715872,-46.6056301433044
"564",0.05491085142251,0.756048616321932,0.180230884584071,-46.3879811123211
"565",0.0556450891769355,0.734435838394807,0.223574649518539,-46.2954704314245
"566",0.0556450891769355,0.734435838394807,0.223574649518539,-46.2954704314245
"567",0.0556450891769355,0.734435838394807,0.223574649518539,-46.2954704314245
"568",0.0556450891769355,0.734435838394807,0.223574649518539,-46.2954704314245
"569",0.0371331832395991,0.843967351521825,0.176185106159296,-46.593013395586
"570",0.0371331832395991,0.843967351521825,0.176185106159296,-46.593013395586
"571",0.0371331832395991,0.843967351521825,0.176185106159296,-46.593013395586
"572",0.0371331832395991,0.843967351521825,0.176185106159296,-46.593013395586
"573",0.0330136935451866,0.958351314455047,0.0510590404479427,-47.0550538207841
"574",0.0330136935451866,0.958351314455047,0.0510590404479427,-47.0550538207841
"575",0.0330136935451866,0.958351314455047,0.0510590404479427,-47.0550538207841
"576",0.0330136935451866,0.958351314455047,0.0510590404479427,-47.0550538207841
"577",0.0330136935451866,0.958351314455047,0.0510590404479427,-47.0550538207841
"578",0.0330136935451866,0.958351314455047,0.0510590404479427,-47.0550538207841
"579",0.0330136935451866,0.958351314455047,0.0510590404479427,-47.0550538207841
"580",0.0330136935451866,0.958351314455047,0.0510590404479427,-47.0550538207841
"581",0.0330136935451866,0.958351314455047,0.0510590404479427,-47.0550538207841
"582",0.0330136935451866,0.958351314455047,0.0510590404479427,-47.0550538207841
"583",0.0330136935451866,0.958351314455047,0.0510590404479427,-47.0550538207841
"584",0.0421412979251459,1.04558049803525,0.180354286577539,-48.1723529696916
"585",0.0421412979251459,1.04558049803525,0.180354286577539,-48.1723529696916
"586",0.0421412979251459,1.04558049803525,0.180354286577539,-48.1723529696916
"587",0.0421412979251459,1.04558049803525,0.180354286577539,-48.1723529696916
"588",0.0421412979251459,1.04558049803525,0.180354286577539,-48.1723529696916
"589",0.0756663301856575,1.0049269268609,0.0517752614079615,-47.134943193196
"590",0.0756663301856575,1.0049269268609,0.0517752614079615,-47.134943193196
"591",0.0527468304221127,0.901244703395279,0.143998700500902,-46.7685105923198
"592",0.0335271796944658,0.960561359192887,0.153383406762128,-47.1441278993962
"593",0.0335271796944658,0.960561359192887,0.153383406762128,-47.1441278993962
"594",0.0335271796944658,0.960561359192887,0.153383406762128,-47.1441278993962
"595",0.0335271796944658,0.960561359192887,0.153383406762128,-47.1441278993962
"596",0.0335271796944658,0.960561359192887,0.153383406762128,-47.1441278993962
"597",0.0335271796944658,0.960561359192887,0.153383406762128,-47.1441278993962
"598",0.0335271796944658,0.960561359192887,0.153383406762128,-47.1441278993962
"599",0.0335271796944658,0.960561359192887,0.153383406762128,-47.1441278993962
"600",0.0335271796944658,0.960561359192887,0.153383406762128,-47.1441278993962
"601",0.0548832336145486,0.918657501301647,0.152459623173559,-46.880574711468
"602",0.0333017746489117,0.993136109560854,0.00603267487655554,-47.4458522857071
"603",0.0373930052436705,1.07099865644611,0.111590259162228,-47.6359007080607
"604",0.0373930052436705,1.07099865644611,0.111590259162228,-47.6359007080607
"605",0.0373930052436705,1.07099865644611,0.111590259162228,-47.6359007080607
"606",0.0324629932641743,1.06605940430924,0.129062401129195,-47.7567688320772
"607",0.0324629932641743,1.06605940430924,0.129062401129195,-47.7567688320772
"608",0.0996123709591853,1.08811833440596,0.0905819583899123,-47.5997839519015
"609",0.0385982951647364,1.04377501204505,0.0830293590018555,-47.2920404817524
"610",0.0385982951647364,1.04377501204505,0.0830293590018555,-47.2920404817524
"611",0.0385982951647364,1.04377501204505,0.0830293590018555,-47.2920404817524
"612",0.0385982951647364,1.04377501204505,0.0830293590018555,-47.2920404817524
"613",0.0385982951647364,1.04377501204505,0.0830293590018555,-47.2920404817524
"614",0.0385982951647364,1.04377501204505,0.0830293590018555,-47.2920404817524
"615",0.0762331762778651,1.03020408634359,0.00775429942575603,-47.436145984582
"616",0.0762331762778651,1.03020408634359,0.00775429942575603,-47.436145984582
"617",0.0762331762778651,1.03020408634359,0.00775429942575603,-47.436145984582
"618",0.0541843251388793,1.16636329070601,0.0497196856473742,-47.8611530067915
"619",0.0541843251388793,1.16636329070601,0.0497196856473742,-47.8611530067915
"620",0.0541843251388793,1.16636329070601,0.0497196856473742,-47.8611530067915
"621",0.0854474373038728,1.12160462220561,0.0210609329201282,-47.576546250877
"622",0.0854474373038728,1.12160462220561,0.0210609329201282,-47.576546250877
"623",0.0854474373038728,1.12160462220561,0.0210609329201282,-47.576546250877
"624",0.0305802738153394,1.09936737734006,0.0675979318868874,-47.5415180564767
"625",0.0305802738153394,1.09936737734006,0.0675979318868874,-47.5415180564767
"626",0.0305802738153394,1.09936737734006,0.0675979318868874,-47.5415180564767
"627",0.0670918806219338,1.04589076211967,0.0581891522962988,-47.2577620327979
"628",0.0670918806219338,1.04589076211967,0.0581891522962988,-47.2577620327979
"629",0.0670918806219338,1.04589076211967,0.0581891522962988,-47.2577620327979
"630",0.0402828154081877,1.07373386141267,0.132924949223209,-47.8634105602926
"631",0.0402828154081877,1.07373386141267,0.132924949223209,-47.8634105602926
"632",0.0562316486680131,1.04365852543594,0.0463033755801897,-47.2595848974279
"633",0.0876370482271627,1.03438515388052,0.156272288289757,-47.7629938446457
"634",0.0832165292593141,1.01646975706507,0.0584215325344536,-47.1524109839837
"635",0.0633087962004686,1.0417984103997,0.160099682801595,-47.8758064114595
"636",0.032701919467591,0.996855507686873,0.217895742903416,-48.1471313728422
"637",0.032701919467591,0.996855507686873,0.217895742903416,-48.1471313728422
"638",0.032701919467591,0.996855507686873,0.217895742903416,-48.1471313728422
"639",0.032701919467591,0.996855507686873,0.217895742903416,-48.1471313728422
"640",0.063566997304398,1.04533043679754,0.169181501590921,-48.0216561690646
"641",0.0934249502328718,1.0211925777069,0.261556214449352,-49.1787478180401
"642",0.0934249502328718,1.0211925777069,0.261556214449352,-49.1787478180401
"643",0.0934249502328718,1.0211925777069,0.261556214449352,-49.1787478180401
"644",0.0555778537633236,0.998638174205991,0.24896110021049,-48.6412252726535
"645",0.0555778537633236,0.998638174205991,0.24896110021049,-48.6412252726535
"646",0.0964011576466646,1.03028551377639,0.280196278479726,-49.6791670145142
"647",0.0964011576466646,1.03028551377639,0.280196278479726,-49.6791670145142
"648",0.0307984949807903,1.05110735779356,0.0858418803994669,-47.3426771833351
"649",0.0386975317785282,1.05085839370258,0.0883489075400092,-47.3519326123394
"650",0.0968547755752577,0.998167420204515,0.048834689272079,-47.1297276626916
"651",0.0968547755752577,0.998167420204515,0.048834689272079,-47.1297276626916
"652",0.0968547755752577,0.998167420204515,0.048834689272079,-47.1297276626916
"653",0.0671863495459863,0.987603847136498,0.0334908523850366,-47.1957857203465
"654",0.0671863495459863,0.987603847136498,0.0334908523850366,-47.1957857203465
"655",0.0972989637501896,1.06828015961122,0.024753821515103,-47.3931592299325
"656",0.0647405488983325,1.02801107073071,0.022304737596743,-47.3210755913541
"657",0.0647405488983325,1.02801107073071,0.022304737596743,-47.3210755913541
"658",0.0647405488983325,1.02801107073071,0.022304737596743,-47.3210755913541
"659",0.0647405488983325,1.02801107073071,0.022304737596743,-47.3210755913541
"660",0.0464031774768563,1.04917727420704,0.0904611290847602,-47.3517437353936
"661",0.0464031774768563,1.04917727420704,0.0904611290847602,-47.3517437353936
"662",0.0570264478991172,1.02541457150838,0.0883154302121046,-47.2135485989293
"663",0.0570264478991172,1.02541457150838,0.0883154302121046,-47.2135485989293
"664",0.0570264478991172,1.02541457150838,0.0883154302121046,-47.2135485989293
"665",0.0320328977019141,1.05394561284751,0.00465730144326243,-47.4866212947242
"666",0.0320328977019141,1.05394561284751,0.00465730144326243,-47.4866212947242
"667",0.0643294165842906,0.982616843090317,0.0139237151181131,-47.3631254617835
"668",0.065800798702044,1.0010536939718,0.0151982714008661,-47.351741011821
"669",0.065800798702044,1.0010536939718,0.0151982714008661,-47.351741011821
"670",0.0407746921049307,0.959040497146725,0.179437629194291,-47.3314550656306
"671",0.074343745536985,0.977857325462301,0.0852594596418699,-47.0026781824426
"672",0.0879041234287474,0.980862059947381,0.132264194942679,-47.1507351706446
"673",0.0879041234287474,0.980862059947381,0.132264194942679,-47.1507351706446
"674",0.0917002110712397,1.01448731497967,0.0171763208421921,-47.3427083301149
"675",0.0543181021682108,0.989790398882685,0.132009402518304,-47.2065915292782
"676",0.0628915326313834,1.0070668135652,0.155741694706049,-47.5178599395889
"677",0.0628915326313834,1.0070668135652,0.155741694706049,-47.5178599395889
"678",0.0628915326313834,1.0070668135652,0.155741694706049,-47.5178599395889
"679",0.0628915326313834,1.0070668135652,0.155741694706049,-47.5178599395889
"680",0.0492007999231641,1.00350816456336,0.0922581625395218,-47.1166257635962
"681",0.0464148551194889,1.07524260256455,0.0258060161978812,-47.4089355231646
"682",0.0464148551194889,1.07524260256455,0.0258060161978812,-47.4089355231646
"683",0.0464148551194889,1.07524260256455,0.0258060161978812,-47.4089355231646
"684",0.0582492034908285,1.04873514768727,0.0538395705330452,-47.2693181680727
"685",0.0581482541517968,1.10547614492695,0.0618380273035435,-47.5524602388279
"686",0.0581482541517968,1.10547614492695,0.0618380273035435,-47.5524602388279
"687",0.0581482541517968,1.10547614492695,0.0618380273035435,-47.5524602388279
"688",0.0594751571078541,1.14316871293784,0.0878466287779161,-47.9856325615473
"689",0.0594751571078541,1.14316871293784,0.0878466287779161,-47.9856325615473
"690",0.0594751571078541,1.14316871293784,0.0878466287779161,-47.9856325615473
"691",0.0645981520275255,1.12518668840161,0.0927129588708992,-47.889017355434
"692",0.0645981520275255,1.12518668840161,0.0927129588708992,-47.889017355434
"693",0.0645981520275255,1.12518668840161,0.0927129588708992,-47.889017355434
"694",0.0645981520275255,1.12518668840161,0.0927129588708992,-47.889017355434
"695",0.050648160781479,1.22801863638306,0.00500361874898397,-48.0575580784181
"696",0.050648160781479,1.22801863638306,0.00500361874898397,-48.0575580784181
"697",0.050648160781479,1.22801863638306,0.00500361874898397,-48.0575580784181
"698",0.050648160781479,1.22801863638306,0.00500361874898397,-48.0575580784181
"699",0.050648160781479,1.22801863638306,0.00500361874898397,-48.0575580784181
"700",0.0961445402834722,1.22749547437188,0.0286267596502705,-48.1353645187185
"701",0.090222489138827,1.27469416087952,0.0615772326351072,-48.815219104083
"702",0.090222489138827,1.27469416087952,0.0615772326351072,-48.815219104083
"703",0.090222489138827,1.27469416087952,0.0615772326351072,-48.815219104083
"704",0.090222489138827,1.27469416087952,0.0615772326351072,-48.815219104083
"705",0.090222489138827,1.27469416087952,0.0615772326351072,-48.815219104083
"706",0.090222489138827,1.27469416087952,0.0615772326351072,-48.815219104083
"707",0.090222489138827,1.27469416087952,0.0615772326351072,-48.815219104083
"708",0.090222489138827,1.27469416087952,0.0615772326351072,-48.815219104083
"709",0.090222489138827,1.27469416087952,0.0615772326351072,-48.815219104083
"710",0.090222489138827,1.27469416087952,0.0615772326351072,-48.815219104083
"711",0.090222489138827,1.27469416087952,0.0615772326351072,-48.815219104083
"712",0.090222489138827,1.27469416087952,0.0615772326351072,-48.815219104083
"713",0.0601659750885083,1.36213513569039,0.0321957567372355,-49.2128582503423
"714",0.0977573055766942,1.35302671943858,0.0354368068288033,-49.174750043345
"715",0.0733588945009454,1.37396911020908,0.0455692947126458,-49.5248677836567
"716",0.0733588945009454,1.37396911020908,0.0455692947126458,-49.5248677836567
"717",0.0733588945009454,1.37396911020908,0.0455692947126458,-49.5248677836567
"718",0.0733588945009454,1.37396911020908,0.0455692947126458,-49.5248677836567
"719",0.0733588945009454,1.37396911020908,0.0455692947126458,-49.5248677836567
"720",0.0733588945009454,1.37396911020908,0.0455692947126458,-49.5248677836567
"721",0.0733588945009454,1.37396911020908,0.0455692947126458,-49.5248677836567
"722",0.0733588945009454,1.37396911020908,0.0455692947126458,-49.5248677836567
"723",0.0733588945009454,1.37396911020908,0.0455692947126458,-49.5248677836567
"724",0.0733588945009454,1.37396911020908,0.0455692947126458,-49.5248677836567
"725",0.0733588945009454,1.37396911020908,0.0455692947126458,-49.5248677836567
"726",0.0733588945009454,1.37396911020908,0.0455692947126458,-49.5248677836567
"727",0.0733588945009454,1.37396911020908,0.0455692947126458,-49.5248677836567
"728",0.0733588945009454,1.37396911020908,0.0455692947126458,-49.5248677836567
"729",0.0733588945009454,1.37396911020908,0.0455692947126458,-49.5248677836567
"730",0.0733588945009454,1.37396911020908,0.0455692947126458,-49.5248677836567
"731",0.0575154094546769,1.39474741331438,0.0902183953480666,-50.6651235777609
"732",0.0575154094546769,1.39474741331438,0.0902183953480666,-50.6651235777609
"733",0.0575154094546769,1.39474741331438,0.0902183953480666,-50.6651235777609
"734",0.0575154094546769,1.39474741331438,0.0902183953480666,-50.6651235777609
"735",0.0575154094546769,1.39474741331438,0.0902183953480666,-50.6651235777609
"736",0.0884227717375539,1.37745913292596,0.104637696305031,-50.7918571661637
"737",0.0884227717375539,1.37745913292596,0.104637696305031,-50.7918571661637
"738",0.0884227717375539,1.37745913292596,0.104637696305031,-50.7918571661637
"739",0.0884227717375539,1.37745913292596,0.104637696305031,-50.7918571661637
"740",0.0884227717375539,1.37745913292596,0.104637696305031,-50.7918571661637
"741",0.0884227717375539,1.37745913292596,0.104637696305031,-50.7918571661637
"742",0.0884227717375539,1.37745913292596,0.104637696305031,-50.7918571661637
"743",0.0884227717375539,1.37745913292596,0.104637696305031,-50.7918571661637
"744",0.0884227717375539,1.37745913292596,0.104637696305031,-50.7918571661637
"745",0.0884227717375539,1.37745913292596,0.104637696305031,-50.7918571661637
"746",0.0884227717375539,1.37745913292596,0.104637696305031,-50.7918571661637
"747",0.0444208764445185,1.22901468288419,0.0072871619107,-48.0661390685936
"748",0.0444208764445185,1.22901468288419,0.0072871619107,-48.0661390685936
"749",0.0444208764445185,1.22901468288419,0.0072871619107,-48.0661390685936
"750",0.0444208764445185,1.22901468288419,0.0072871619107,-48.0661390685936
"751",0.0444208764445185,1.22901468288419,0.0072871619107,-48.0661390685936
"752",0.0616442582738329,1.25523405289115,0.0122716831474128,-48.2296484872164
"753",0.0616442582738329,1.25523405289115,0.0122716831474128,-48.2296484872164
"754",0.0611454561060363,1.12511624453743,0.0499235156067982,-47.6184422204274
"755",0.0611454561060363,1.12511624453743,0.0499235156067982,-47.6184422204274
"756",0.0611454561060363,1.12511624453743,0.0499235156067982,-47.6184422204274
"757",0.0611454561060363,1.12511624453743,0.0499235156067982,-47.6184422204274
"758",0.0611454561060363,1.12511624453743,0.0499235156067982,-47.6184422204274
"759",0.0611454561060363,1.12511624453743,0.0499235156067982,-47.6184422204274
"760",0.0323821113243087,1.10394618660953,0.0421736831834312,-47.4964575114095
"761",0.0323821113243087,1.10394618660953,0.0421736831834312,-47.4964575114095
"762",0.0663409435903804,1.15007540253664,0.0459274678334204,-47.7441120384492
"763",0.0663409435903804,1.15007540253664,0.0459274678334204,-47.7441120384492
"764",0.0574472257338786,1.08854057939087,0.0488424232039278,-47.4333912252765
"765",0.0574472257338786,1.08854057939087,0.0488424232039278,-47.4333912252765
"766",0.0574472257338786,1.08854057939087,0.0488424232039278,-47.4333912252765
"767",0.0574472257338786,1.08854057939087,0.0488424232039278,-47.4333912252765
"768",0.0574472257338786,1.08854057939087,0.0488424232039278,-47.4333912252765
"769",0.0574472257338786,1.08854057939087,0.0488424232039278,-47.4333912252765
"770",0.0574472257338786,1.08854057939087,0.0488424232039278,-47.4333912252765
"771",0.0574472257338786,1.08854057939087,0.0488424232039278,-47.4333912252765
"772",0.0574472257338786,1.08854057939087,0.0488424232039278,-47.4333912252765
"773",0.0514832825903848,1.05600465340866,0.110238800296293,-47.5148198652882
"774",0.0514832825903848,1.05600465340866,0.110238800296293,-47.5148198652882
"775",0.0931382272452362,1.02715671312404,0.0386794443170985,-47.234639791232
"776",0.0931382272452362,1.02715671312404,0.0386794443170985,-47.234639791232
"777",0.0623424442842961,1.05417262929981,0.0898850088653207,-47.3785949044184
"778",0.0623424442842961,1.05417262929981,0.0898850088653207,-47.3785949044184
"779",0.0497781651049416,1.05749611446682,0.0499789494094994,-47.3043166020796
"780",0.0497781651049416,1.05749611446682,0.0499789494094994,-47.3043166020796
"781",0.0497781651049416,1.05749611446682,0.0499789494094994,-47.3043166020796
"782",0.0587577818632947,1.08460990413397,0.183183032839086,-48.6601202882315
"783",0.0587577818632947,1.08460990413397,0.183183032839086,-48.6601202882315
"784",0.0587577818632947,1.08460990413397,0.183183032839086,-48.6601202882315
"785",0.0587577818632947,1.08460990413397,0.183183032839086,-48.6601202882315
"786",0.0587577818632947,1.08460990413397,0.183183032839086,-48.6601202882315
"787",0.0587577818632947,1.08460990413397,0.183183032839086,-48.6601202882315
"788",0.0587577818632947,1.08460990413397,0.183183032839086,-48.6601202882315
"789",0.0587577818632947,1.08460990413397,0.183183032839086,-48.6601202882315
"790",0.0587577818632947,1.08460990413397,0.183183032839086,-48.6601202882315
"791",0.0587577818632947,1.08460990413397,0.183183032839086,-48.6601202882315
"792",0.0587577818632947,1.08460990413397,0.183183032839086,-48.6601202882315
"793",0.0587577818632947,1.08460990413397,0.183183032839086,-48.6601202882315
"794",0.0587577818632947,1.08460990413397,0.183183032839086,-48.6601202882315
"795",0.0587577818632947,1.08460990413397,0.183183032839086,-48.6601202882315
"796",0.0587577818632947,1.08460990413397,0.183183032839086,-48.6601202882315
"797",0.0658798381458653,0.922257001446374,0.0460900005242006,-47.0779451978063
"798",0.0658798381458653,0.922257001446374,0.0460900005242006,-47.0779451978063
"799",0.0658798381458653,0.922257001446374,0.0460900005242006,-47.0779451978063
"800",0.0658798381458653,0.922257001446374,0.0460900005242006,-47.0779451978063
"801",0.0658798381458653,0.922257001446374,0.0460900005242006,-47.0779451978063
"802",0.0658798381458653,0.922257001446374,0.0460900005242006,-47.0779451978063
"803",0.0658798381458653,0.922257001446374,0.0460900005242006,-47.0779451978063
"804",0.0708446238507325,1.02791334217769,0.0520424187091062,-47.1990492909688
"805",0.0708446238507325,1.02791334217769,0.0520424187091062,-47.1990492909688
"806",0.0769088871509055,1.01816491143656,0.153832970671895,-47.5937313788599
"807",0.0769088871509055,1.01816491143656,0.153832970671895,-47.5937313788599
"808",0.0828877610880344,0.974617376830448,0.0653922256152608,-47.0212331142796
"809",0.0828877610880344,0.974617376830448,0.0653922256152608,-47.0212331142796
"810",0.0828877610880344,0.974617376830448,0.0653922256152608,-47.0212331142796
"811",0.0828877610880344,0.974617376830448,0.0653922256152608,-47.0212331142796
"812",0.0575497016836603,0.920276931488547,0.169013569640823,-46.970202437911
"813",0.0386285355469727,0.715364353503927,0.0939508125141845,-47.1969395707154
"814",0.0400884860903494,0.739236860044593,0.2424190909397,-46.312478248905
"815",0.0457435366061113,0.62816534857667,0.32479175003634,-46.0925173677748
"816",0.0457435366061113,0.62816534857667,0.32479175003634,-46.0925173677748
"817",0.0457435366061113,0.62816534857667,0.32479175003634,-46.0925173677748
"818",0.0457435366061113,0.62816534857667,0.32479175003634,-46.0925173677748
"819",0.0457435366061113,0.62816534857667,0.32479175003634,-46.0925173677748
"820",0.0457435366061113,0.62816534857667,0.32479175003634,-46.0925173677748
"821",0.0457435366061113,0.62816534857667,0.32479175003634,-46.0925173677748
"822",0.0316945619949215,0.573150032034797,0.405934937694426,-46.0158499979148
"823",0.0316945619949215,0.573150032034797,0.405934937694426,-46.0158499979148
"824",0.040387266800612,0.493945694296991,0.356115980361529,-46.4379044471897
"825",0.040387266800612,0.493945694296991,0.356115980361529,-46.4379044471897
"826",0.040387266800612,0.493945694296991,0.356115980361529,-46.4379044471897
"827",0.040387266800612,0.493945694296991,0.356115980361529,-46.4379044471897
"828",0.040387266800612,0.493945694296991,0.356115980361529,-46.4379044471897
"829",0.040387266800612,0.493945694296991,0.356115980361529,-46.4379044471897
"830",0.040387266800612,0.493945694296991,0.356115980361529,-46.4379044471897
"831",0.040387266800612,0.493945694296991,0.356115980361529,-46.4379044471897
"832",0.040387266800612,0.493945694296991,0.356115980361529,-46.4379044471897
"833",0.040387266800612,0.493945694296991,0.356115980361529,-46.4379044471897
"834",0.040387266800612,0.493945694296991,0.356115980361529,-46.4379044471897
"835",0.040387266800612,0.493945694296991,0.356115980361529,-46.4379044471897
"836",0.040387266800612,0.493945694296991,0.356115980361529,-46.4379044471897
"837",0.040387266800612,0.493945694296991,0.356115980361529,-46.4379044471897
"838",0.0382138807708207,0.48887933498852,0.276814279417636,-47.1835175907446
"839",0.0897754280590579,0.472343231485098,0.612030895920727,-45.9608780806558
"840",0.0897754280590579,0.472343231485098,0.612030895920727,-45.9608780806558
"841",0.0897754280590579,0.472343231485098,0.612030895920727,-45.9608780806558
"842",0.0555879546066978,0.407474352447945,0.603068102562491,-46.0426101749588
"843",0.0555879546066978,0.407474352447945,0.603068102562491,-46.0426101749588
"844",0.0555879546066978,0.407474352447945,0.603068102562491,-46.0426101749588
"845",0.0555879546066978,0.407474352447945,0.603068102562491,-46.0426101749588
"846",0.0555879546066978,0.407474352447945,0.603068102562491,-46.0426101749588
"847",0.0555879546066978,0.407474352447945,0.603068102562491,-46.0426101749588
"848",0.0555879546066978,0.407474352447945,0.603068102562491,-46.0426101749588
"849",0.0555879546066978,0.407474352447945,0.603068102562491,-46.0426101749588
"850",0.0555879546066978,0.407474352447945,0.603068102562491,-46.0426101749588
"851",0.0555879546066978,0.407474352447945,0.603068102562491,-46.0426101749588
"852",0.0555879546066978,0.407474352447945,0.603068102562491,-46.0426101749588
"853",0.0472194191731426,0.492578338140879,0.609568507674761,-46.0477937590382
"854",0.0448823802608178,0.433512161919946,0.772560572960759,-46.0924038096552
"855",0.0448823802608178,0.433512161919946,0.772560572960759,-46.0924038096552
"856",0.0700828676982171,0.358476970334487,0.519524140787819,-47.110722567727
"857",0.0700828676982171,0.358476970334487,0.519524140787819,-47.110722567727
"858",0.0700828676982171,0.358476970334487,0.519524140787819,-47.110722567727
"859",0.0700828676982171,0.358476970334487,0.519524140787819,-47.110722567727
"860",0.0700828676982171,0.358476970334487,0.519524140787819,-47.110722567727
"861",0.0700828676982171,0.358476970334487,0.519524140787819,-47.110722567727
"862",0.0700828676982171,0.358476970334487,0.519524140787819,-47.110722567727
"863",0.0700828676982171,0.358476970334487,0.519524140787819,-47.110722567727
"864",0.0700828676982171,0.358476970334487,0.519524140787819,-47.110722567727
"865",0.0700828676982171,0.358476970334487,0.519524140787819,-47.110722567727
"866",0.0700828676982171,0.358476970334487,0.519524140787819,-47.110722567727
"867",0.0700828676982171,0.358476970334487,0.519524140787819,-47.110722567727
"868",0.0888206821906767,0.481297671021439,0.692041589144969,-46.2279516765908
"869",0.0888206821906767,0.481297671021439,0.692041589144969,-46.2279516765908
"870",0.0888206821906767,0.481297671021439,0.692041589144969,-46.2279516765908
"871",0.0903453104042071,0.54548578775756,0.727236186473799,-47.3124388088618
"872",0.0903453104042071,0.54548578775756,0.727236186473799,-47.3124388088618
"873",0.0680642813415352,0.638209059190178,0.682175572517501,-48.7202935702539
"874",0.0680642813415352,0.638209059190178,0.682175572517501,-48.7202935702539
"875",0.087984775572336,0.645591232245135,0.269028798326946,-46.174020693135
"876",0.087984775572336,0.645591232245135,0.269028798326946,-46.174020693135
"877",0.087984775572336,0.645591232245135,0.269028798326946,-46.174020693135
"878",0.087984775572336,0.645591232245135,0.269028798326946,-46.174020693135
"879",0.0780385408762678,0.539838369968636,0.539090732196867,-46.1327732512407
"880",0.0756079181304888,0.468133345055803,0.63259546449043,-45.9765191825319
"881",0.0756079181304888,0.468133345055803,0.63259546449043,-45.9765191825319
"882",0.0756079181304888,0.468133345055803,0.63259546449043,-45.9765191825319
"883",0.0756079181304888,0.468133345055803,0.63259546449043,-45.9765191825319
"884",0.0752078849865279,0.419587197010303,0.670291281550125,-45.9089115824034
"885",0.0752078849865279,0.419587197010303,0.670291281550125,-45.9089115824034
"886",0.0752078849865279,0.419587197010303,0.670291281550125,-45.9089115824034
"887",0.0359002319462376,0.5880475047864,0.707045816257042,-47.934056659357
"888",0.0359002319462376,0.5880475047864,0.707045816257042,-47.934056659357
"889",0.0972249063533643,0.389336021334752,0.801878200971708,-45.9220072931351
"890",0.0972249063533643,0.389336021334752,0.801878200971708,-45.9220072931351
"891",0.0972249063533643,0.389336021334752,0.801878200971708,-45.9220072931351
"892",0.0972249063533643,0.389336021334752,0.801878200971708,-45.9220072931351
"893",0.0972249063533643,0.389336021334752,0.801878200971708,-45.9220072931351
"894",0.0972249063533643,0.389336021334752,0.801878200971708,-45.9220072931351
"895",0.0972249063533643,0.389336021334752,0.801878200971708,-45.9220072931351
"896",0.0972249063533643,0.389336021334752,0.801878200971708,-45.9220072931351
"897",0.0972249063533643,0.389336021334752,0.801878200971708,-45.9220072931351
"898",0.0972249063533643,0.389336021334752,0.801878200971708,-45.9220072931351
"899",0.0972249063533643,0.389336021334752,0.801878200971708,-45.9220072931351
"900",0.0972249063533643,0.389336021334752,0.801878200971708,-45.9220072931351
"901",0.0972249063533643,0.389336021334752,0.801878200971708,-45.9220072931351
"902",0.0972249063533643,0.389336021334752,0.801878200971708,-45.9220072931351
"903",0.0972249063533643,0.389336021334752,0.801878200971708,-45.9220072931351
"904",0.0878484317431582,0.386944703546577,0.530138402705598,-46.5567977126558
"905",0.0878484317431582,0.386944703546577,0.530138402705598,-46.5567977126558
"906",0.0878484317431582,0.386944703546577,0.530138402705598,-46.5567977126558
"907",0.0878484317431582,0.386944703546577,0.530138402705598,-46.5567977126558
"908",0.0878484317431582,0.386944703546577,0.530138402705598,-46.5567977126558
"909",0.0878484317431582,0.386944703546577,0.530138402705598,-46.5567977126558
"910",0.0878484317431582,0.386944703546577,0.530138402705598,-46.5567977126558
"911",0.0878484317431582,0.386944703546577,0.530138402705598,-46.5567977126558
"912",0.0878484317431582,0.386944703546577,0.530138402705598,-46.5567977126558
"913",0.0878484317431582,0.386944703546577,0.530138402705598,-46.5567977126558
"914",0.0747517958520575,0.473370415204393,0.540749985502925,-45.9321265312018
"915",0.071814791055881,0.443262056738682,0.719117226759589,-46.023672893055
"916",0.071814791055881,0.443262056738682,0.719117226759589,-46.023672893055
"917",0.071814791055881,0.443262056738682,0.719117226759589,-46.023672893055
"918",0.071814791055881,0.443262056738682,0.719117226759589,-46.023672893055
"919",0.071814791055881,0.443262056738682,0.719117226759589,-46.023672893055
"920",0.071814791055881,0.443262056738682,0.719117226759589,-46.023672893055
"921",0.071120823544601,0.476937164737717,0.612657936607756,-45.9788772971469
"922",0.071120823544601,0.476937164737717,0.612657936607756,-45.9788772971469
"923",0.071120823544601,0.476937164737717,0.612657936607756,-45.9788772971469
"924",0.071120823544601,0.476937164737717,0.612657936607756,-45.9788772971469
"925",0.071120823544601,0.476937164737717,0.612657936607756,-45.9788772971469
"926",0.071120823544601,0.476937164737717,0.612657936607756,-45.9788772971469
"927",0.071120823544601,0.476937164737717,0.612657936607756,-45.9788772971469
"928",0.071120823544601,0.476937164737717,0.612657936607756,-45.9788772971469
"929",0.071120823544601,0.476937164737717,0.612657936607756,-45.9788772971469
"930",0.071120823544601,0.476937164737717,0.612657936607756,-45.9788772971469
"931",0.071120823544601,0.476937164737717,0.612657936607756,-45.9788772971469
"932",0.0967013625989128,0.505613916723692,0.53445521705684,-45.9659957427333
"933",0.0967013625989128,0.505613916723692,0.53445521705684,-45.9659957427333
"934",0.0377048939206291,0.584322157946518,0.363081221071393,-46.0382364230713
"935",0.0377048939206291,0.584322157946518,0.363081221071393,-46.0382364230713
"936",0.0377048939206291,0.584322157946518,0.363081221071393,-46.0382364230713
"937",0.0377048939206291,0.584322157946518,0.363081221071393,-46.0382364230713
"938",0.0377048939206291,0.584322157946518,0.363081221071393,-46.0382364230713
"939",0.0361820259213494,0.492157433432407,0.427016386788219,-46.1010260573661
"940",0.0361820259213494,0.492157433432407,0.427016386788219,-46.1010260573661
"941",0.0875692928776177,0.60235923558936,0.386443375449801,-46.0677134165016
"942",0.0875692928776177,0.60235923558936,0.386443375449801,-46.0677134165016
"943",0.0875692928776177,0.60235923558936,0.386443375449801,-46.0677134165016
"944",0.0875692928776177,0.60235923558936,0.386443375449801,-46.0677134165016
"945",0.0696863921668758,0.585544155140603,0.221931730818711,-46.7043400279683
"946",0.0696863921668758,0.585544155140603,0.221931730818711,-46.7043400279683
"947",0.0696863921668758,0.585544155140603,0.221931730818711,-46.7043400279683
"948",0.0696863921668758,0.585544155140603,0.221931730818711,-46.7043400279683
"949",0.0696863921668758,0.585544155140603,0.221931730818711,-46.7043400279683
"950",0.0696863921668758,0.585544155140603,0.221931730818711,-46.7043400279683
"951",0.0696863921668758,0.585544155140603,0.221931730818711,-46.7043400279683
"952",0.0696863921668758,0.585544155140603,0.221931730818711,-46.7043400279683
"953",0.0696863921668758,0.585544155140603,0.221931730818711,-46.7043400279683
"954",0.0696863921668758,0.585544155140603,0.221931730818711,-46.7043400279683
"955",0.0696863921668758,0.585544155140603,0.221931730818711,-46.7043400279683
"956",0.0696863921668758,0.585544155140603,0.221931730818711,-46.7043400279683
"957",0.0586843500444379,0.566130261533422,0.221548124604608,-46.8766711428795
"958",0.0810971983148438,0.627343592726078,0.183238631514035,-46.7601496938942
"959",0.0810971983148438,0.627343592726078,0.183238631514035,-46.7601496938942
"960",0.0756705476490388,0.614501498283732,0.232000112305154,-46.4369153300142
"961",0.0756705476490388,0.614501498283732,0.232000112305154,-46.4369153300142
"962",0.0654176592220397,0.607787720071759,0.383858295892153,-46.0806509085923
"963",0.0654176592220397,0.607787720071759,0.383858295892153,-46.0806509085923
"964",0.0654176592220397,0.607787720071759,0.383858295892153,-46.0806509085923
"965",0.0328030048982631,0.642470562884775,0.454678455805786,-46.5752560055201
"966",0.0328030048982631,0.642470562884775,0.454678455805786,-46.5752560055201
"967",0.0328030048982631,0.642470562884775,0.454678455805786,-46.5752560055201
"968",0.0328030048982631,0.642470562884775,0.454678455805786,-46.5752560055201
"969",0.0328030048982631,0.642470562884775,0.454678455805786,-46.5752560055201
"970",0.0328030048982631,0.642470562884775,0.454678455805786,-46.5752560055201
"971",0.0328030048982631,0.642470562884775,0.454678455805786,-46.5752560055201
"972",0.0328030048982631,0.642470562884775,0.454678455805786,-46.5752560055201
"973",0.0545427642902388,0.758286632409356,0.28127058482339,-46.5143761321417
"974",0.0545427642902388,0.758286632409356,0.28127058482339,-46.5143761321417
"975",0.0545427642902388,0.758286632409356,0.28127058482339,-46.5143761321417
"976",0.0545427642902388,0.758286632409356,0.28127058482339,-46.5143761321417
"977",0.0545427642902388,0.758286632409356,0.28127058482339,-46.5143761321417
"978",0.0545427642902388,0.758286632409356,0.28127058482339,-46.5143761321417
"979",0.0545427642902388,0.758286632409356,0.28127058482339,-46.5143761321417
"980",0.0545427642902388,0.758286632409356,0.28127058482339,-46.5143761321417
"981",0.0720724223956231,0.741174375599139,0.300390789531129,-46.49502105984
"982",0.0720724223956231,0.741174375599139,0.300390789531129,-46.49502105984
"983",0.0720724223956231,0.741174375599139,0.300390789531129,-46.49502105984
"984",0.033635982588997,0.777395513554563,0.259738264122414,-46.5339238537714
"985",0.033635982588997,0.777395513554563,0.259738264122414,-46.5339238537714
"986",0.033635982588997,0.777395513554563,0.259738264122414,-46.5339238537714
"987",0.033635982588997,0.777395513554563,0.259738264122414,-46.5339238537714
"988",0.033635982588997,0.777395513554563,0.259738264122414,-46.5339238537714
"989",0.033635982588997,0.777395513554563,0.259738264122414,-46.5339238537714
"990",0.0706157340202261,0.618154359653265,0.3509177114106,-46.0776783858316
"991",0.0706157340202261,0.618154359653265,0.3509177114106,-46.0776783858316
"992",0.0706157340202261,0.618154359653265,0.3509177114106,-46.0776783858316
"993",0.0706157340202261,0.618154359653265,0.3509177114106,-46.0776783858316
"994",0.0706157340202261,0.618154359653265,0.3509177114106,-46.0776783858316
"995",0.0706157340202261,0.618154359653265,0.3509177114106,-46.0776783858316
"996",0.0706157340202261,0.618154359653265,0.3509177114106,-46.0776783858316
"997",0.0706157340202261,0.618154359653265,0.3509177114106,-46.0776783858316
"998",0.0706157340202261,0.618154359653265,0.3509177114106,-46.0776783858316
"999",0.0706157340202261,0.618154359653265,0.3509177114106,-46.0776783858316
"1000",0.0706157340202261,0.618154359653265,0.3509177114106,-46.0776783858316
